district_name,zone,year,ghi_annual,yoy_change,yoy_pct_change
Achham,"Far-West Hills",2005,1651.19,NULL,NULL
Achham,"Far-West Hills",2006,1623.14,-28.05,-1.70
Achham,"Far-West Hills",2007,1558.15,-64.99,-4.00
Achham,"Far-West Hills",2008,1579.06,20.91,1.34
Achham,"Far-West Hills",2009,1693.24,114.18,7.23
Achham,"Far-West Hills",2010,1651.06,-42.18,-2.49
Achham,"Far-West Hills",2011,1570.68,-80.38,-4.87
Achham,"Far-West Hills",2012,1655.14,84.46,5.38
Achham,"Far-West Hills",2013,1546.92,-108.22,-6.54
Achham,"Far-West Hills",2014,1641.30,94.38,6.10
Achham,"Far-West Hills",2015,1615.10,-26.20,-1.60
Achham,"Far-West Hills",2016,1582.33,-32.77,-2.03
Achham,"Far-West Hills",2017,1587.98,5.65,0.36
Achham,"Far-West Hills",2018,1596.36,8.38,0.53
Achham,"Far-West Hills",2019,1593.70,-2.66,-0.17
Achham,"Far-West Hills",2020,1563.61,-30.09,-1.89
Achham,"Far-West Hills",2021,1537.73,-25.88,-1.66
Achham,"Far-West Hills",2022,1603.05,65.32,4.25
Achham,"Far-West Hills",2023,1600.80,-2.25,-0.14
Arghakhanchi,"Western Hills",2005,1728.57,NULL,NULL
Arghakhanchi,"Western Hills",2006,1700.26,-28.31,-1.64
Arghakhanchi,"Western Hills",2007,1602.21,-98.05,-5.77
Arghakhanchi,"Western Hills",2008,1632.65,30.44,1.90
Arghakhanchi,"Western Hills",2009,1733.34,100.69,6.17
Arghakhanchi,"Western Hills",2010,1689.60,-43.74,-2.52
Arghakhanchi,"Western Hills",2011,1644.26,-45.34,-2.68
Arghakhanchi,"Western Hills",2012,1750.08,105.82,6.44
Arghakhanchi,"Western Hills",2013,1583.99,-166.09,-9.49
Arghakhanchi,"Western Hills",2014,1665.27,81.28,5.13
Arghakhanchi,"Western Hills",2015,1642.95,-22.32,-1.34
Arghakhanchi,"Western Hills",2016,1601.91,-41.04,-2.50
Arghakhanchi,"Western Hills",2017,1620.92,19.01,1.19
Arghakhanchi,"Western Hills",2018,1647.62,26.70,1.65
Arghakhanchi,"Western Hills",2019,1640.56,-7.06,-0.43
Arghakhanchi,"Western Hills",2020,1551.84,-88.72,-5.41
Arghakhanchi,"Western Hills",2021,1546.69,-5.15,-0.33
Arghakhanchi,"Western Hills",2022,1639.31,92.62,5.99
Arghakhanchi,"Western Hills",2023,1708.47,69.16,4.22
Baglung,"Western Hills",2005,1685.56,NULL,NULL
Baglung,"Western Hills",2006,1659.53,-26.03,-1.54
Baglung,"Western Hills",2007,1554.67,-104.86,-6.32
Baglung,"Western Hills",2008,1597.31,42.64,2.74
Baglung,"Western Hills",2009,1700.22,102.91,6.44
Baglung,"Western Hills",2010,1648.46,-51.76,-3.04
Baglung,"Western Hills",2011,1563.06,-85.40,-5.18
Baglung,"Western Hills",2012,1705.21,142.15,9.09
Baglung,"Western Hills",2013,1547.11,-158.10,-9.27
Baglung,"Western Hills",2014,1638.95,91.84,5.94
Baglung,"Western Hills",2015,1599.12,-39.83,-2.43
Baglung,"Western Hills",2016,1539.07,-60.05,-3.76
Baglung,"Western Hills",2017,1590.89,51.82,3.37
Baglung,"Western Hills",2018,1567.59,-23.30,-1.46
Baglung,"Western Hills",2019,1590.77,23.18,1.48
Baglung,"Western Hills",2020,1499.44,-91.33,-5.74
Baglung,"Western Hills",2021,1480.45,-18.99,-1.27
Baglung,"Western Hills",2022,1579.59,99.14,6.70
Baglung,"Western Hills",2023,1628.19,48.60,3.08
Baitadi,"Far-West Hills",2005,1718.73,NULL,NULL
Baitadi,"Far-West Hills",2006,1718.35,-0.38,-0.02
Baitadi,"Far-West Hills",2007,1640.71,-77.64,-4.52
Baitadi,"Far-West Hills",2008,1639.15,-1.56,-0.10
Baitadi,"Far-West Hills",2009,1798.41,159.26,9.72
Baitadi,"Far-West Hills",2010,1741.06,-57.35,-3.19
Baitadi,"Far-West Hills",2011,1621.38,-119.68,-6.87
Baitadi,"Far-West Hills",2012,1736.80,115.42,7.12
Baitadi,"Far-West Hills",2013,1621.60,-115.20,-6.63
Baitadi,"Far-West Hills",2014,1722.14,100.54,6.20
Baitadi,"Far-West Hills",2015,1682.10,-40.04,-2.33
Baitadi,"Far-West Hills",2016,1645.63,-36.47,-2.17
Baitadi,"Far-West Hills",2017,1654.07,8.44,0.51
Baitadi,"Far-West Hills",2018,1651.74,-2.33,-0.14
Baitadi,"Far-West Hills",2019,1681.49,29.75,1.80
Baitadi,"Far-West Hills",2020,1647.11,-34.38,-2.04
Baitadi,"Far-West Hills",2021,1620.78,-26.33,-1.60
Baitadi,"Far-West Hills",2022,1663.05,42.27,2.61
Baitadi,"Far-West Hills",2023,1684.06,21.01,1.26
Bajhang,"Far-West Hills",2005,1518.86,NULL,NULL
Bajhang,"Far-West Hills",2006,1506.89,-11.97,-0.79
Bajhang,"Far-West Hills",2007,1465.85,-41.04,-2.72
Bajhang,"Far-West Hills",2008,1477.33,11.48,0.78
Bajhang,"Far-West Hills",2009,1576.61,99.28,6.72
Bajhang,"Far-West Hills",2010,1537.50,-39.11,-2.48
Bajhang,"Far-West Hills",2011,1457.91,-79.59,-5.18
Bajhang,"Far-West Hills",2012,1512.02,54.11,3.71
Bajhang,"Far-West Hills",2013,1463.97,-48.05,-3.18
Bajhang,"Far-West Hills",2014,1515.17,51.20,3.50
Bajhang,"Far-West Hills",2015,1524.23,9.06,0.60
Bajhang,"Far-West Hills",2016,1484.08,-40.15,-2.63
Bajhang,"Far-West Hills",2017,1463.29,-20.79,-1.40
Bajhang,"Far-West Hills",2018,1474.68,11.39,0.78
Bajhang,"Far-West Hills",2019,1484.50,9.82,0.67
Bajhang,"Far-West Hills",2020,1470.90,-13.60,-0.92
Bajhang,"Far-West Hills",2021,1438.48,-32.42,-2.20
Bajhang,"Far-West Hills",2022,1495.28,56.80,3.95
Bajhang,"Far-West Hills",2023,1479.09,-16.19,-1.08
Bajura,"Far-West Hills",2005,1697.02,NULL,NULL
Bajura,"Far-West Hills",2006,1677.10,-19.92,-1.17
Bajura,"Far-West Hills",2007,1635.23,-41.87,-2.50
Bajura,"Far-West Hills",2008,1645.82,10.59,0.65
Bajura,"Far-West Hills",2009,1747.99,102.17,6.21
Bajura,"Far-West Hills",2010,1705.63,-42.36,-2.42
Bajura,"Far-West Hills",2011,1630.71,-74.92,-4.39
Bajura,"Far-West Hills",2012,1694.22,63.51,3.89
Bajura,"Far-West Hills",2013,1623.82,-70.40,-4.16
Bajura,"Far-West Hills",2014,1715.17,91.35,5.63
Bajura,"Far-West Hills",2015,1700.32,-14.85,-0.87
Bajura,"Far-West Hills",2016,1645.09,-55.23,-3.25
Bajura,"Far-West Hills",2017,1636.84,-8.25,-0.50
Bajura,"Far-West Hills",2018,1656.01,19.17,1.17
Bajura,"Far-West Hills",2019,1652.15,-3.86,-0.23
Bajura,"Far-West Hills",2020,1642.30,-9.85,-0.60
Bajura,"Far-West Hills",2021,1580.29,-62.01,-3.78
Bajura,"Far-West Hills",2022,1667.92,87.63,5.55
Bajura,"Far-West Hills",2023,1635.15,-32.77,-1.96
Banke,"Mid-West Terai",2005,1863.40,NULL,NULL
Banke,"Mid-West Terai",2006,1868.70,5.30,0.28
Banke,"Mid-West Terai",2007,1782.70,-86.00,-4.60
Banke,"Mid-West Terai",2008,1769.62,-13.08,-0.73
Banke,"Mid-West Terai",2009,1900.62,131.00,7.40
Banke,"Mid-West Terai",2010,1828.98,-71.64,-3.77
Banke,"Mid-West Terai",2011,1818.58,-10.40,-0.57
Banke,"Mid-West Terai",2012,1891.84,73.26,4.03
Banke,"Mid-West Terai",2013,1745.31,-146.53,-7.75
Banke,"Mid-West Terai",2014,1856.99,111.68,6.40
Banke,"Mid-West Terai",2015,1815.11,-41.88,-2.26
Banke,"Mid-West Terai",2016,1786.75,-28.36,-1.56
Banke,"Mid-West Terai",2017,1813.92,27.17,1.52
Banke,"Mid-West Terai",2018,1840.25,26.33,1.45
Banke,"Mid-West Terai",2019,1782.18,-58.07,-3.16
Banke,"Mid-West Terai",2020,1739.29,-42.89,-2.41
Banke,"Mid-West Terai",2021,1707.84,-31.45,-1.81
Banke,"Mid-West Terai",2022,1816.13,108.29,6.34
Banke,"Mid-West Terai",2023,1826.36,10.23,0.56
Bara,"Madhesh Terai",2005,1850.28,NULL,NULL
Bara,"Madhesh Terai",2006,1845.31,-4.97,-0.27
Bara,"Madhesh Terai",2007,1748.53,-96.78,-5.24
Bara,"Madhesh Terai",2008,1773.71,25.18,1.44
Bara,"Madhesh Terai",2009,1861.12,87.41,4.93
Bara,"Madhesh Terai",2010,1835.69,-25.43,-1.37
Bara,"Madhesh Terai",2011,1778.80,-56.89,-3.10
Bara,"Madhesh Terai",2012,1885.89,107.09,6.02
Bara,"Madhesh Terai",2013,1779.36,-106.53,-5.65
Bara,"Madhesh Terai",2014,1790.32,10.96,0.62
Bara,"Madhesh Terai",2015,1791.85,1.53,0.09
Bara,"Madhesh Terai",2016,1752.70,-39.15,-2.18
Bara,"Madhesh Terai",2017,1771.57,18.87,1.08
Bara,"Madhesh Terai",2018,1816.26,44.69,2.52
Bara,"Madhesh Terai",2019,1794.61,-21.65,-1.19
Bara,"Madhesh Terai",2020,1695.15,-99.46,-5.54
Bara,"Madhesh Terai",2021,1717.78,22.63,1.33
Bara,"Madhesh Terai",2022,1811.47,93.69,5.45
Bara,"Madhesh Terai",2023,1848.03,36.56,2.02
Bardiya,"Mid-West Terai",2005,1850.83,NULL,NULL
Bardiya,"Mid-West Terai",2006,1851.28,0.45,0.02
Bardiya,"Mid-West Terai",2007,1770.32,-80.96,-4.37
Bardiya,"Mid-West Terai",2008,1756.48,-13.84,-0.78
Bardiya,"Mid-West Terai",2009,1886.09,129.61,7.38
Bardiya,"Mid-West Terai",2010,1821.02,-65.07,-3.45
Bardiya,"Mid-West Terai",2011,1797.77,-23.25,-1.28
Bardiya,"Mid-West Terai",2012,1872.19,74.42,4.14
Bardiya,"Mid-West Terai",2013,1727.73,-144.46,-7.72
Bardiya,"Mid-West Terai",2014,1845.89,118.16,6.84
Bardiya,"Mid-West Terai",2015,1795.97,-49.92,-2.70
Bardiya,"Mid-West Terai",2016,1770.20,-25.77,-1.43
Bardiya,"Mid-West Terai",2017,1803.12,32.92,1.86
Bardiya,"Mid-West Terai",2018,1814.79,11.67,0.65
Bardiya,"Mid-West Terai",2019,1770.40,-44.39,-2.45
Bardiya,"Mid-West Terai",2020,1737.86,-32.54,-1.84
Bardiya,"Mid-West Terai",2021,1693.08,-44.78,-2.58
Bardiya,"Mid-West Terai",2022,1792.42,99.34,5.87
Bardiya,"Mid-West Terai",2023,1812.07,19.65,1.10
Bhaktapur,"Central Hills",2005,1722.89,NULL,NULL
Bhaktapur,"Central Hills",2006,1678.43,-44.46,-2.58
Bhaktapur,"Central Hills",2007,1584.33,-94.10,-5.61
Bhaktapur,"Central Hills",2008,1630.27,45.94,2.90
Bhaktapur,"Central Hills",2009,1707.39,77.12,4.73
Bhaktapur,"Central Hills",2010,1684.88,-22.51,-1.32
Bhaktapur,"Central Hills",2011,1623.79,-61.09,-3.63
Bhaktapur,"Central Hills",2012,1745.69,121.90,7.51
Bhaktapur,"Central Hills",2013,1606.46,-139.23,-7.98
Bhaktapur,"Central Hills",2014,1654.70,48.24,3.00
Bhaktapur,"Central Hills",2015,1629.20,-25.50,-1.54
Bhaktapur,"Central Hills",2016,1589.57,-39.63,-2.43
Bhaktapur,"Central Hills",2017,1629.70,40.13,2.52
Bhaktapur,"Central Hills",2018,1642.27,12.57,0.77
Bhaktapur,"Central Hills",2019,1626.13,-16.14,-0.98
Bhaktapur,"Central Hills",2020,1549.14,-76.99,-4.73
Bhaktapur,"Central Hills",2021,1551.91,2.77,0.18
Bhaktapur,"Central Hills",2022,1621.97,70.06,4.51
Bhaktapur,"Central Hills",2023,1686.59,64.62,3.98
Bhojpur,"Eastern Hills",2005,1644.05,NULL,NULL
Bhojpur,"Eastern Hills",2006,1623.46,-20.59,-1.25
Bhojpur,"Eastern Hills",2007,1536.70,-86.76,-5.34
Bhojpur,"Eastern Hills",2008,1567.62,30.92,2.01
Bhojpur,"Eastern Hills",2009,1590.13,22.51,1.44
Bhojpur,"Eastern Hills",2010,1582.46,-7.67,-0.48
Bhojpur,"Eastern Hills",2011,1553.54,-28.92,-1.83
Bhojpur,"Eastern Hills",2012,1650.56,97.02,6.25
Bhojpur,"Eastern Hills",2013,1561.90,-88.66,-5.37
Bhojpur,"Eastern Hills",2014,1582.79,20.89,1.34
Bhojpur,"Eastern Hills",2015,1540.84,-41.95,-2.65
Bhojpur,"Eastern Hills",2016,1526.27,-14.57,-0.95
Bhojpur,"Eastern Hills",2017,1546.61,20.34,1.33
Bhojpur,"Eastern Hills",2018,1516.13,-30.48,-1.97
Bhojpur,"Eastern Hills",2019,1550.32,34.19,2.26
Bhojpur,"Eastern Hills",2020,1458.06,-92.26,-5.95
Bhojpur,"Eastern Hills",2021,1535.55,77.49,5.31
Bhojpur,"Eastern Hills",2022,1551.61,16.06,1.05
Bhojpur,"Eastern Hills",2023,1628.52,76.91,4.96
Chitwan,"Western Terai",2005,1749.46,NULL,NULL
Chitwan,"Western Terai",2006,1718.88,-30.58,-1.75
Chitwan,"Western Terai",2007,1602.05,-116.83,-6.80
Chitwan,"Western Terai",2008,1660.81,58.76,3.67
Chitwan,"Western Terai",2009,1745.80,84.99,5.12
Chitwan,"Western Terai",2010,1713.41,-32.39,-1.86
Chitwan,"Western Terai",2011,1648.01,-65.40,-3.82
Chitwan,"Western Terai",2012,1783.33,135.32,8.21
Chitwan,"Western Terai",2013,1625.13,-158.20,-8.87
Chitwan,"Western Terai",2014,1679.89,54.76,3.37
Chitwan,"Western Terai",2015,1664.81,-15.08,-0.90
Chitwan,"Western Terai",2016,1627.92,-36.89,-2.22
Chitwan,"Western Terai",2017,1653.06,25.14,1.54
Chitwan,"Western Terai",2018,1665.39,12.33,0.75
Chitwan,"Western Terai",2019,1672.17,6.78,0.41
Chitwan,"Western Terai",2020,1568.71,-103.46,-6.19
Chitwan,"Western Terai",2021,1569.18,0.47,0.03
Chitwan,"Western Terai",2022,1661.88,92.70,5.91
Chitwan,"Western Terai",2023,1734.10,72.22,4.35
Dadeldhura,"Far-West Hills",2005,1717.37,NULL,NULL
Dadeldhura,"Far-West Hills",2006,1701.41,-15.96,-0.93
Dadeldhura,"Far-West Hills",2007,1627.39,-74.02,-4.35
Dadeldhura,"Far-West Hills",2008,1636.95,9.56,0.59
Dadeldhura,"Far-West Hills",2009,1775.90,138.95,8.49
Dadeldhura,"Far-West Hills",2010,1724.86,-51.04,-2.87
Dadeldhura,"Far-West Hills",2011,1632.44,-92.42,-5.36
Dadeldhura,"Far-West Hills",2012,1726.34,93.90,5.75
Dadeldhura,"Far-West Hills",2013,1617.08,-109.26,-6.33
Dadeldhura,"Far-West Hills",2014,1705.70,88.62,5.48
Dadeldhura,"Far-West Hills",2015,1674.64,-31.06,-1.82
Dadeldhura,"Far-West Hills",2016,1646.54,-28.10,-1.68
Dadeldhura,"Far-West Hills",2017,1653.33,6.79,0.41
Dadeldhura,"Far-West Hills",2018,1654.75,1.42,0.09
Dadeldhura,"Far-West Hills",2019,1664.04,9.29,0.56
Dadeldhura,"Far-West Hills",2020,1635.70,-28.34,-1.70
Dadeldhura,"Far-West Hills",2021,1611.80,-23.90,-1.46
Dadeldhura,"Far-West Hills",2022,1657.51,45.71,2.84
Dadeldhura,"Far-West Hills",2023,1679.61,22.10,1.33
Dailekh,"Mid-West Hills",2005,1788.04,NULL,NULL
Dailekh,"Mid-West Hills",2006,1769.50,-18.54,-1.04
Dailekh,"Mid-West Hills",2007,1704.69,-64.81,-3.66
Dailekh,"Mid-West Hills",2008,1707.15,2.46,0.14
Dailekh,"Mid-West Hills",2009,1834.34,127.19,7.45
Dailekh,"Mid-West Hills",2010,1788.81,-45.53,-2.48
Dailekh,"Mid-West Hills",2011,1715.39,-73.42,-4.10
Dailekh,"Mid-West Hills",2012,1804.70,89.31,5.21
Dailekh,"Mid-West Hills",2013,1671.23,-133.47,-7.40
Dailekh,"Mid-West Hills",2014,1795.07,123.84,7.41
Dailekh,"Mid-West Hills",2015,1746.39,-48.68,-2.71
Dailekh,"Mid-West Hills",2016,1708.01,-38.38,-2.20
Dailekh,"Mid-West Hills",2017,1726.72,18.71,1.10
Dailekh,"Mid-West Hills",2018,1743.94,17.22,1.00
Dailekh,"Mid-West Hills",2019,1712.33,-31.61,-1.81
Dailekh,"Mid-West Hills",2020,1689.97,-22.36,-1.31
Dailekh,"Mid-West Hills",2021,1642.52,-47.45,-2.81
Dailekh,"Mid-West Hills",2022,1733.56,91.04,5.54
Dailekh,"Mid-West Hills",2023,1737.07,3.51,0.20
Dang,"Inner Terai",2005,1854.75,NULL,NULL
Dang,"Inner Terai",2006,1837.40,-17.35,-0.94
Dang,"Inner Terai",2007,1747.16,-90.24,-4.91
Dang,"Inner Terai",2008,1758.28,11.12,0.64
Dang,"Inner Terai",2009,1880.37,122.09,6.94
Dang,"Inner Terai",2010,1822.37,-58.00,-3.08
Dang,"Inner Terai",2011,1787.27,-35.10,-1.93
Dang,"Inner Terai",2012,1883.20,95.93,5.37
Dang,"Inner Terai",2013,1711.33,-171.87,-9.13
Dang,"Inner Terai",2014,1835.51,124.18,7.26
Dang,"Inner Terai",2015,1784.42,-51.09,-2.78
Dang,"Inner Terai",2016,1748.71,-35.71,-2.00
Dang,"Inner Terai",2017,1775.11,26.40,1.51
Dang,"Inner Terai",2018,1805.00,29.89,1.68
Dang,"Inner Terai",2019,1765.58,-39.42,-2.18
Dang,"Inner Terai",2020,1697.26,-68.32,-3.87
Dang,"Inner Terai",2021,1676.36,-20.90,-1.23
Dang,"Inner Terai",2022,1792.90,116.54,6.95
Dang,"Inner Terai",2023,1812.07,19.17,1.07
Darchula,"Far-West Hills",2005,1704.09,NULL,NULL
Darchula,"Far-West Hills",2006,1696.94,-7.15,-0.42
Darchula,"Far-West Hills",2007,1645.40,-51.54,-3.04
Darchula,"Far-West Hills",2008,1639.53,-5.87,-0.36
Darchula,"Far-West Hills",2009,1778.75,139.22,8.49
Darchula,"Far-West Hills",2010,1730.99,-47.76,-2.69
Darchula,"Far-West Hills",2011,1620.96,-110.03,-6.36
Darchula,"Far-West Hills",2012,1710.21,89.25,5.51
Darchula,"Far-West Hills",2013,1634.06,-76.15,-4.45
Darchula,"Far-West Hills",2014,1703.64,69.58,4.26
Darchula,"Far-West Hills",2015,1697.11,-6.53,-0.38
Darchula,"Far-West Hills",2016,1653.34,-43.77,-2.58
Darchula,"Far-West Hills",2017,1635.74,-17.60,-1.06
Darchula,"Far-West Hills",2018,1648.09,12.35,0.76
Darchula,"Far-West Hills",2019,1671.27,23.18,1.41
Darchula,"Far-West Hills",2020,1658.82,-12.45,-0.74
Darchula,"Far-West Hills",2021,1622.91,-35.91,-2.16
Darchula,"Far-West Hills",2022,1667.45,44.54,2.74
Darchula,"Far-West Hills",2023,1661.48,-5.97,-0.36
Dhading,"Central Hills",2005,1703.69,NULL,NULL
Dhading,"Central Hills",2006,1657.67,-46.02,-2.70
Dhading,"Central Hills",2007,1561.13,-96.54,-5.82
Dhading,"Central Hills",2008,1618.30,57.17,3.66
Dhading,"Central Hills",2009,1690.26,71.96,4.45
Dhading,"Central Hills",2010,1663.83,-26.43,-1.56
Dhading,"Central Hills",2011,1601.07,-62.76,-3.77
Dhading,"Central Hills",2012,1722.84,121.77,7.61
Dhading,"Central Hills",2013,1574.47,-148.37,-8.61
Dhading,"Central Hills",2014,1637.00,62.53,3.97
Dhading,"Central Hills",2015,1620.56,-16.44,-1.00
Dhading,"Central Hills",2016,1575.36,-45.20,-2.79
Dhading,"Central Hills",2017,1614.58,39.22,2.49
Dhading,"Central Hills",2018,1606.28,-8.30,-0.51
Dhading,"Central Hills",2019,1615.24,8.96,0.56
Dhading,"Central Hills",2020,1527.61,-87.63,-5.43
Dhading,"Central Hills",2021,1513.34,-14.27,-0.93
Dhading,"Central Hills",2022,1598.63,85.29,5.64
Dhading,"Central Hills",2023,1669.87,71.24,4.46
Dhankuta,"Eastern Hills",2005,1621.99,NULL,NULL
Dhankuta,"Eastern Hills",2006,1608.75,-13.24,-0.82
Dhankuta,"Eastern Hills",2007,1530.54,-78.21,-4.86
Dhankuta,"Eastern Hills",2008,1545.07,14.53,0.95
Dhankuta,"Eastern Hills",2009,1569.93,24.86,1.61
Dhankuta,"Eastern Hills",2010,1567.45,-2.48,-0.16
Dhankuta,"Eastern Hills",2011,1537.80,-29.65,-1.89
Dhankuta,"Eastern Hills",2012,1627.17,89.37,5.81
Dhankuta,"Eastern Hills",2013,1544.95,-82.22,-5.05
Dhankuta,"Eastern Hills",2014,1573.83,28.88,1.87
Dhankuta,"Eastern Hills",2015,1534.75,-39.08,-2.48
Dhankuta,"Eastern Hills",2016,1517.11,-17.64,-1.15
Dhankuta,"Eastern Hills",2017,1544.23,27.12,1.79
Dhankuta,"Eastern Hills",2018,1504.25,-39.98,-2.59
Dhankuta,"Eastern Hills",2019,1536.67,32.42,2.16
Dhankuta,"Eastern Hills",2020,1448.64,-88.03,-5.73
Dhankuta,"Eastern Hills",2021,1522.19,73.55,5.08
Dhankuta,"Eastern Hills",2022,1543.03,20.84,1.37
Dhankuta,"Eastern Hills",2023,1611.33,68.30,4.43
Dhanusha,"Madhesh Terai",2005,1796.77,NULL,NULL
Dhanusha,"Madhesh Terai",2006,1795.34,-1.43,-0.08
Dhanusha,"Madhesh Terai",2007,1706.47,-88.87,-4.95
Dhanusha,"Madhesh Terai",2008,1723.79,17.32,1.01
Dhanusha,"Madhesh Terai",2009,1790.86,67.07,3.89
Dhanusha,"Madhesh Terai",2010,1775.92,-14.94,-0.83
Dhanusha,"Madhesh Terai",2011,1723.82,-52.10,-2.93
Dhanusha,"Madhesh Terai",2012,1837.27,113.45,6.58
Dhanusha,"Madhesh Terai",2013,1722.12,-115.15,-6.27
Dhanusha,"Madhesh Terai",2014,1731.64,9.52,0.55
Dhanusha,"Madhesh Terai",2015,1712.36,-19.28,-1.11
Dhanusha,"Madhesh Terai",2016,1695.18,-17.18,-1.00
Dhanusha,"Madhesh Terai",2017,1717.02,21.84,1.29
Dhanusha,"Madhesh Terai",2018,1745.38,28.36,1.65
Dhanusha,"Madhesh Terai",2019,1752.29,6.91,0.40
Dhanusha,"Madhesh Terai",2020,1636.52,-115.77,-6.61
Dhanusha,"Madhesh Terai",2021,1692.54,56.02,3.42
Dhanusha,"Madhesh Terai",2022,1748.11,55.57,3.28
Dhanusha,"Madhesh Terai",2023,1805.48,57.37,3.28
Dolakha,"Central Hills",2005,1712.11,NULL,NULL
Dolakha,"Central Hills",2006,1660.38,-51.73,-3.02
Dolakha,"Central Hills",2007,1592.63,-67.75,-4.08
Dolakha,"Central Hills",2008,1625.01,32.38,2.03
Dolakha,"Central Hills",2009,1683.45,58.44,3.60
Dolakha,"Central Hills",2010,1668.60,-14.85,-0.88
Dolakha,"Central Hills",2011,1592.49,-76.11,-4.56
Dolakha,"Central Hills",2012,1748.77,156.28,9.81
Dolakha,"Central Hills",2013,1600.87,-147.90,-8.46
Dolakha,"Central Hills",2014,1656.49,55.62,3.47
Dolakha,"Central Hills",2015,1638.44,-18.05,-1.09
Dolakha,"Central Hills",2016,1578.29,-60.15,-3.67
Dolakha,"Central Hills",2017,1614.58,36.29,2.30
Dolakha,"Central Hills",2018,1618.64,4.06,0.25
Dolakha,"Central Hills",2019,1648.77,30.13,1.86
Dolakha,"Central Hills",2020,1539.79,-108.98,-6.61
Dolakha,"Central Hills",2021,1539.76,-0.03,0.00
Dolakha,"Central Hills",2022,1593.85,54.09,3.51
Dolakha,"Central Hills",2023,1663.29,69.44,4.36
Dolpa,"High Mountain",2005,1881.12,NULL,NULL
Dolpa,"High Mountain",2006,1814.12,-67.00,-3.56
Dolpa,"High Mountain",2007,1808.05,-6.07,-0.33
Dolpa,"High Mountain",2008,1793.59,-14.46,-0.80
Dolpa,"High Mountain",2009,1877.37,83.78,4.67
Dolpa,"High Mountain",2010,1803.55,-73.82,-3.93
Dolpa,"High Mountain",2011,1794.06,-9.49,-0.53
Dolpa,"High Mountain",2012,1859.24,65.18,3.63
Dolpa,"High Mountain",2013,1787.45,-71.79,-3.86
Dolpa,"High Mountain",2014,1893.40,105.95,5.93
Dolpa,"High Mountain",2015,1876.45,-16.95,-0.90
Dolpa,"High Mountain",2016,1779.99,-96.46,-5.14
Dolpa,"High Mountain",2017,1808.54,28.55,1.60
Dolpa,"High Mountain",2018,1789.90,-18.64,-1.03
Dolpa,"High Mountain",2019,1822.68,32.78,1.83
Dolpa,"High Mountain",2020,1822.54,-0.14,-0.01
Dolpa,"High Mountain",2021,1727.04,-95.50,-5.24
Dolpa,"High Mountain",2022,1803.26,76.22,4.41
Dolpa,"High Mountain",2023,1809.13,5.87,0.33
Doti,"Far-West Hills",2005,1644.40,NULL,NULL
Doti,"Far-West Hills",2006,1628.71,-15.69,-0.95
Doti,"Far-West Hills",2007,1570.12,-58.59,-3.60
Doti,"Far-West Hills",2008,1590.67,20.55,1.31
Doti,"Far-West Hills",2009,1700.06,109.39,6.88
Doti,"Far-West Hills",2010,1660.53,-39.53,-2.33
Doti,"Far-West Hills",2011,1575.04,-85.49,-5.15
Doti,"Far-West Hills",2012,1646.18,71.14,4.52
Doti,"Far-West Hills",2013,1562.17,-84.01,-5.10
Doti,"Far-West Hills",2014,1639.98,77.81,4.98
Doti,"Far-West Hills",2015,1628.02,-11.96,-0.73
Doti,"Far-West Hills",2016,1596.85,-31.17,-1.91
Doti,"Far-West Hills",2017,1585.27,-11.58,-0.73
Doti,"Far-West Hills",2018,1598.94,13.67,0.86
Doti,"Far-West Hills",2019,1591.26,-7.68,-0.48
Doti,"Far-West Hills",2020,1573.82,-17.44,-1.10
Doti,"Far-West Hills",2021,1549.95,-23.87,-1.52
Doti,"Far-West Hills",2022,1606.05,56.10,3.62
Doti,"Far-West Hills",2023,1602.27,-3.78,-0.24
Gorkha,"Central Hills",2005,1654.68,NULL,NULL
Gorkha,"Central Hills",2006,1610.21,-44.47,-2.69
Gorkha,"Central Hills",2007,1513.22,-96.99,-6.02
Gorkha,"Central Hills",2008,1572.16,58.94,3.90
Gorkha,"Central Hills",2009,1645.40,73.24,4.66
Gorkha,"Central Hills",2010,1614.57,-30.83,-1.87
Gorkha,"Central Hills",2011,1552.15,-62.42,-3.87
Gorkha,"Central Hills",2012,1674.76,122.61,7.90
Gorkha,"Central Hills",2013,1525.43,-149.33,-8.92
Gorkha,"Central Hills",2014,1592.44,67.01,4.39
Gorkha,"Central Hills",2015,1574.30,-18.14,-1.14
Gorkha,"Central Hills",2016,1530.30,-44.00,-2.79
Gorkha,"Central Hills",2017,1563.80,33.50,2.19
Gorkha,"Central Hills",2018,1556.17,-7.63,-0.49
Gorkha,"Central Hills",2019,1577.64,21.47,1.38
Gorkha,"Central Hills",2020,1481.85,-95.79,-6.07
Gorkha,"Central Hills",2021,1468.92,-12.93,-0.87
Gorkha,"Central Hills",2022,1553.40,84.48,5.75
Gorkha,"Central Hills",2023,1626.05,72.65,4.68
Gulmi,"Western Hills",2005,1622.46,NULL,NULL
Gulmi,"Western Hills",2006,1592.71,-29.75,-1.83
Gulmi,"Western Hills",2007,1493.99,-98.72,-6.20
Gulmi,"Western Hills",2008,1535.62,41.63,2.79
Gulmi,"Western Hills",2009,1630.85,95.23,6.20
Gulmi,"Western Hills",2010,1583.94,-46.91,-2.88
Gulmi,"Western Hills",2011,1521.41,-62.53,-3.95
Gulmi,"Western Hills",2012,1644.39,122.98,8.08
Gulmi,"Western Hills",2013,1483.55,-160.84,-9.78
Gulmi,"Western Hills",2014,1569.31,85.76,5.78
Gulmi,"Western Hills",2015,1534.77,-34.54,-2.20
Gulmi,"Western Hills",2016,1491.29,-43.48,-2.83
Gulmi,"Western Hills",2017,1517.76,26.47,1.77
Gulmi,"Western Hills",2018,1521.61,3.85,0.25
Gulmi,"Western Hills",2019,1540.03,18.42,1.21
Gulmi,"Western Hills",2020,1439.92,-100.11,-6.50
Gulmi,"Western Hills",2021,1434.21,-5.71,-0.40
Gulmi,"Western Hills",2022,1526.75,92.54,6.45
Gulmi,"Western Hills",2023,1584.53,57.78,3.78
Humla,"High Mountain",2005,1756.56,NULL,NULL
Humla,"High Mountain",2006,1759.14,2.58,0.15
Humla,"High Mountain",2007,1742.28,-16.86,-0.96
Humla,"High Mountain",2008,1729.10,-13.18,-0.76
Humla,"High Mountain",2009,1821.90,92.80,5.37
Humla,"High Mountain",2010,1761.49,-60.41,-3.32
Humla,"High Mountain",2011,1731.09,-30.40,-1.73
Humla,"High Mountain",2012,1753.24,22.15,1.28
Humla,"High Mountain",2013,1731.14,-22.10,-1.26
Humla,"High Mountain",2014,1797.87,66.73,3.85
Humla,"High Mountain",2015,1814.46,16.59,0.92
Humla,"High Mountain",2016,1741.57,-72.89,-4.02
Humla,"High Mountain",2017,1716.05,-25.52,-1.47
Humla,"High Mountain",2018,1733.66,17.61,1.03
Humla,"High Mountain",2019,1735.97,2.31,0.13
Humla,"High Mountain",2020,1749.56,13.59,0.78
Humla,"High Mountain",2021,1675.77,-73.79,-4.22
Humla,"High Mountain",2022,1740.04,64.27,3.84
Humla,"High Mountain",2023,1729.91,-10.13,-0.58
Ilam,"Eastern Hills",2005,1604.30,NULL,NULL
Ilam,"Eastern Hills",2006,1627.54,23.24,1.45
Ilam,"Eastern Hills",2007,1536.38,-91.16,-5.60
Ilam,"Eastern Hills",2008,1537.31,0.93,0.06
Ilam,"Eastern Hills",2009,1556.52,19.21,1.25
Ilam,"Eastern Hills",2010,1553.62,-2.90,-0.19
Ilam,"Eastern Hills",2011,1534.94,-18.68,-1.20
Ilam,"Eastern Hills",2012,1616.23,81.29,5.30
Ilam,"Eastern Hills",2013,1553.67,-62.56,-3.87
Ilam,"Eastern Hills",2014,1577.56,23.89,1.54
Ilam,"Eastern Hills",2015,1529.25,-48.31,-3.06
Ilam,"Eastern Hills",2016,1517.35,-11.90,-0.78
Ilam,"Eastern Hills",2017,1548.52,31.17,2.05
Ilam,"Eastern Hills",2018,1514.45,-34.07,-2.20
Ilam,"Eastern Hills",2019,1535.81,21.36,1.41
Ilam,"Eastern Hills",2020,1460.41,-75.40,-4.91
Ilam,"Eastern Hills",2021,1540.53,80.12,5.49
Ilam,"Eastern Hills",2022,1547.25,6.72,0.44
Ilam,"Eastern Hills",2023,1621.38,74.13,4.79
Jajarkot,"Mid-West Hills",2005,1776.91,NULL,NULL
Jajarkot,"Mid-West Hills",2006,1757.11,-19.80,-1.11
Jajarkot,"Mid-West Hills",2007,1682.70,-74.41,-4.23
Jajarkot,"Mid-West Hills",2008,1692.08,9.38,0.56
Jajarkot,"Mid-West Hills",2009,1821.37,129.29,7.64
Jajarkot,"Mid-West Hills",2010,1764.90,-56.47,-3.10
Jajarkot,"Mid-West Hills",2011,1704.16,-60.74,-3.44
Jajarkot,"Mid-West Hills",2012,1807.71,103.55,6.08
Jajarkot,"Mid-West Hills",2013,1642.13,-165.58,-9.16
Jajarkot,"Mid-West Hills",2014,1782.30,140.17,8.54
Jajarkot,"Mid-West Hills",2015,1718.29,-64.01,-3.59
Jajarkot,"Mid-West Hills",2016,1682.50,-35.79,-2.08
Jajarkot,"Mid-West Hills",2017,1708.66,26.16,1.55
Jajarkot,"Mid-West Hills",2018,1720.15,11.49,0.67
Jajarkot,"Mid-West Hills",2019,1689.01,-31.14,-1.81
Jajarkot,"Mid-West Hills",2020,1656.17,-32.84,-1.94
Jajarkot,"Mid-West Hills",2021,1617.44,-38.73,-2.34
Jajarkot,"Mid-West Hills",2022,1714.30,96.86,5.99
Jajarkot,"Mid-West Hills",2023,1720.12,5.82,0.34
Jhapa,"Eastern Terai",2005,1632.49,NULL,NULL
Jhapa,"Eastern Terai",2006,1679.02,46.53,2.85
Jhapa,"Eastern Terai",2007,1584.17,-94.85,-5.65
Jhapa,"Eastern Terai",2008,1585.01,0.84,0.05
Jhapa,"Eastern Terai",2009,1610.91,25.90,1.63
Jhapa,"Eastern Terai",2010,1590.66,-20.25,-1.26
Jhapa,"Eastern Terai",2011,1583.13,-7.53,-0.47
Jhapa,"Eastern Terai",2012,1663.38,80.25,5.07
Jhapa,"Eastern Terai",2013,1607.95,-55.43,-3.33
Jhapa,"Eastern Terai",2014,1624.72,16.77,1.04
Jhapa,"Eastern Terai",2015,1563.92,-60.80,-3.74
Jhapa,"Eastern Terai",2016,1568.82,4.90,0.31
Jhapa,"Eastern Terai",2017,1579.68,10.86,0.69
Jhapa,"Eastern Terai",2018,1576.70,-2.98,-0.19
Jhapa,"Eastern Terai",2019,1581.34,4.64,0.29
Jhapa,"Eastern Terai",2020,1514.14,-67.20,-4.25
Jhapa,"Eastern Terai",2021,1600.85,86.71,5.73
Jhapa,"Eastern Terai",2022,1587.10,-13.75,-0.86
Jhapa,"Eastern Terai",2023,1672.80,85.70,5.40
Jumla,"High Mountain",2005,1875.09,NULL,NULL
Jumla,"High Mountain",2006,1861.33,-13.76,-0.73
Jumla,"High Mountain",2007,1829.51,-31.82,-1.71
Jumla,"High Mountain",2008,1811.54,-17.97,-0.98
Jumla,"High Mountain",2009,1925.66,114.12,6.30
Jumla,"High Mountain",2010,1862.62,-63.04,-3.27
Jumla,"High Mountain",2011,1814.38,-48.24,-2.59
Jumla,"High Mountain",2012,1879.33,64.95,3.58
Jumla,"High Mountain",2013,1809.73,-69.60,-3.70
Jumla,"High Mountain",2014,1921.78,112.05,6.19
Jumla,"High Mountain",2015,1906.29,-15.49,-0.81
Jumla,"High Mountain",2016,1825.93,-80.36,-4.22
Jumla,"High Mountain",2017,1813.34,-12.59,-0.69
Jumla,"High Mountain",2018,1828.78,15.44,0.85
Jumla,"High Mountain",2019,1829.89,1.11,0.06
Jumla,"High Mountain",2020,1846.72,16.83,0.92
Jumla,"High Mountain",2021,1740.62,-106.10,-5.75
Jumla,"High Mountain",2022,1829.89,89.27,5.13
Jumla,"High Mountain",2023,1814.80,-15.09,-0.82
Kailali,"Far-West Terai",2005,1787.71,NULL,NULL
Kailali,"Far-West Terai",2006,1777.37,-10.34,-0.58
Kailali,"Far-West Terai",2007,1698.46,-78.91,-4.44
Kailali,"Far-West Terai",2008,1706.98,8.52,0.50
Kailali,"Far-West Terai",2009,1824.26,117.28,6.87
Kailali,"Far-West Terai",2010,1762.86,-61.40,-3.37
Kailali,"Far-West Terai",2011,1719.34,-43.52,-2.47
Kailali,"Far-West Terai",2012,1795.16,75.82,4.41
Kailali,"Far-West Terai",2013,1676.96,-118.20,-6.58
Kailali,"Far-West Terai",2014,1775.05,98.09,5.85
Kailali,"Far-West Terai",2015,1735.56,-39.49,-2.22
Kailali,"Far-West Terai",2016,1718.52,-17.04,-0.98
Kailali,"Far-West Terai",2017,1735.60,17.08,0.99
Kailali,"Far-West Terai",2018,1737.71,2.11,0.12
Kailali,"Far-West Terai",2019,1722.32,-15.39,-0.89
Kailali,"Far-West Terai",2020,1696.01,-26.31,-1.53
Kailali,"Far-West Terai",2021,1659.68,-36.33,-2.14
Kailali,"Far-West Terai",2022,1731.25,71.57,4.31
Kailali,"Far-West Terai",2023,1743.71,12.46,0.72
Kalikot,"Mid-West Hills",2005,1733.63,NULL,NULL
Kalikot,"Mid-West Hills",2006,1711.74,-21.89,-1.26
Kalikot,"Mid-West Hills",2007,1655.71,-56.03,-3.27
Kalikot,"Mid-West Hills",2008,1669.83,14.12,0.85
Kalikot,"Mid-West Hills",2009,1782.07,112.24,6.72
Kalikot,"Mid-West Hills",2010,1740.18,-41.89,-2.35
Kalikot,"Mid-West Hills",2011,1658.50,-81.68,-4.69
Kalikot,"Mid-West Hills",2012,1740.88,82.38,4.97
Kalikot,"Mid-West Hills",2013,1637.16,-103.72,-5.96
Kalikot,"Mid-West Hills",2014,1745.69,108.53,6.63
Kalikot,"Mid-West Hills",2015,1707.71,-37.98,-2.18
Kalikot,"Mid-West Hills",2016,1670.12,-37.59,-2.20
Kalikot,"Mid-West Hills",2017,1670.30,0.18,0.01
Kalikot,"Mid-West Hills",2018,1693.89,23.59,1.41
Kalikot,"Mid-West Hills",2019,1670.48,-23.41,-1.38
Kalikot,"Mid-West Hills",2020,1655.79,-14.69,-0.88
Kalikot,"Mid-West Hills",2021,1609.05,-46.74,-2.82
Kalikot,"Mid-West Hills",2022,1691.91,82.86,5.15
Kalikot,"Mid-West Hills",2023,1677.31,-14.60,-0.86
Kanchanpur,"Far-West Terai",2005,1787.94,NULL,NULL
Kanchanpur,"Far-West Terai",2006,1777.80,-10.14,-0.57
Kanchanpur,"Far-West Terai",2007,1697.14,-80.66,-4.54
Kanchanpur,"Far-West Terai",2008,1701.65,4.51,0.27
Kanchanpur,"Far-West Terai",2009,1829.89,128.24,7.54
Kanchanpur,"Far-West Terai",2010,1762.61,-67.28,-3.68
Kanchanpur,"Far-West Terai",2011,1713.27,-49.34,-2.80
Kanchanpur,"Far-West Terai",2012,1796.77,83.50,4.87
Kanchanpur,"Far-West Terai",2013,1676.85,-119.92,-6.67
Kanchanpur,"Far-West Terai",2014,1780.18,103.33,6.16
Kanchanpur,"Far-West Terai",2015,1731.29,-48.89,-2.75
Kanchanpur,"Far-West Terai",2016,1709.09,-22.20,-1.28
Kanchanpur,"Far-West Terai",2017,1735.16,26.07,1.53
Kanchanpur,"Far-West Terai",2018,1729.17,-5.99,-0.35
Kanchanpur,"Far-West Terai",2019,1736.42,7.25,0.42
Kanchanpur,"Far-West Terai",2020,1700.75,-35.67,-2.05
Kanchanpur,"Far-West Terai",2021,1671.78,-28.97,-1.70
Kanchanpur,"Far-West Terai",2022,1723.74,51.96,3.11
Kanchanpur,"Far-West Terai",2023,1749.18,25.44,1.48
Kapilvastu,"Western Terai",2005,1836.58,NULL,NULL
Kapilvastu,"Western Terai",2006,1815.76,-20.82,-1.13
Kapilvastu,"Western Terai",2007,1712.11,-103.65,-5.71
Kapilvastu,"Western Terai",2008,1732.25,20.14,1.18
Kapilvastu,"Western Terai",2009,1845.72,113.47,6.55
Kapilvastu,"Western Terai",2010,1797.73,-47.99,-2.60
Kapilvastu,"Western Terai",2011,1762.01,-35.72,-1.99
Kapilvastu,"Western Terai",2012,1861.31,99.30,5.64
Kapilvastu,"Western Terai",2013,1695.02,-166.29,-8.93
Kapilvastu,"Western Terai",2014,1771.14,76.12,4.49
Kapilvastu,"Western Terai",2015,1758.95,-12.19,-0.69
Kapilvastu,"Western Terai",2016,1715.61,-43.34,-2.46
Kapilvastu,"Western Terai",2017,1741.11,25.50,1.49
Kapilvastu,"Western Terai",2018,1772.86,31.75,1.82
Kapilvastu,"Western Terai",2019,1747.53,-25.33,-1.43
Kapilvastu,"Western Terai",2020,1659.71,-87.82,-5.03
Kapilvastu,"Western Terai",2021,1657.96,-1.75,-0.11
Kapilvastu,"Western Terai",2022,1756.47,98.51,5.94
Kapilvastu,"Western Terai",2023,1822.17,65.70,3.74
Kaski,"Western Hills",2005,1685.88,NULL,NULL
Kaski,"Western Hills",2006,1650.19,-35.69,-2.12
Kaski,"Western Hills",2007,1540.25,-109.94,-6.66
Kaski,"Western Hills",2008,1603.45,63.20,4.10
Kaski,"Western Hills",2009,1690.53,87.08,5.43
Kaski,"Western Hills",2010,1647.63,-42.90,-2.54
Kaski,"Western Hills",2011,1575.67,-71.96,-4.37
Kaski,"Western Hills",2012,1706.29,130.62,8.29
Kaski,"Western Hills",2013,1550.73,-155.56,-9.12
Kaski,"Western Hills",2014,1635.91,85.18,5.49
Kaski,"Western Hills",2015,1596.78,-39.13,-2.39
Kaski,"Western Hills",2016,1551.60,-45.18,-2.83
Kaski,"Western Hills",2017,1594.03,42.43,2.73
Kaski,"Western Hills",2018,1571.31,-22.72,-1.43
Kaski,"Western Hills",2019,1597.98,26.67,1.70
Kaski,"Western Hills",2020,1496.29,-101.69,-6.36
Kaski,"Western Hills",2021,1492.16,-4.13,-0.28
Kaski,"Western Hills",2022,1576.20,84.04,5.63
Kaski,"Western Hills",2023,1645.36,69.16,4.39
Kathmandu,"Central Hills",2005,1722.78,NULL,NULL
Kathmandu,"Central Hills",2006,1678.34,-44.44,-2.58
Kathmandu,"Central Hills",2007,1584.21,-94.13,-5.61
Kathmandu,"Central Hills",2008,1630.22,46.01,2.90
Kathmandu,"Central Hills",2009,1707.31,77.09,4.73
Kathmandu,"Central Hills",2010,1684.80,-22.51,-1.32
Kathmandu,"Central Hills",2011,1623.69,-61.11,-3.63
Kathmandu,"Central Hills",2012,1745.59,121.90,7.51
Kathmandu,"Central Hills",2013,1606.34,-139.25,-7.98
Kathmandu,"Central Hills",2014,1654.66,48.32,3.01
Kathmandu,"Central Hills",2015,1629.11,-25.55,-1.54
Kathmandu,"Central Hills",2016,1589.46,-39.65,-2.43
Kathmandu,"Central Hills",2017,1629.54,40.08,2.52
Kathmandu,"Central Hills",2018,1642.16,12.62,0.77
Kathmandu,"Central Hills",2019,1626.05,-16.11,-0.98
Kathmandu,"Central Hills",2020,1549.11,-76.94,-4.73
Kathmandu,"Central Hills",2021,1551.81,2.70,0.17
Kathmandu,"Central Hills",2022,1621.91,70.10,4.52
Kathmandu,"Central Hills",2023,1686.46,64.55,3.98
Kavrepalanchok,"Central Hills",2005,1656.78,NULL,NULL
Kavrepalanchok,"Central Hills",2006,1611.22,-45.56,-2.75
Kavrepalanchok,"Central Hills",2007,1531.63,-79.59,-4.94
Kavrepalanchok,"Central Hills",2008,1569.40,37.77,2.47
Kavrepalanchok,"Central Hills",2009,1642.73,73.33,4.67
Kavrepalanchok,"Central Hills",2010,1622.76,-19.97,-1.22
Kavrepalanchok,"Central Hills",2011,1555.44,-67.32,-4.15
Kavrepalanchok,"Central Hills",2012,1684.72,129.28,8.31
Kavrepalanchok,"Central Hills",2013,1548.26,-136.46,-8.10
Kavrepalanchok,"Central Hills",2014,1600.43,52.17,3.37
Kavrepalanchok,"Central Hills",2015,1576.14,-24.29,-1.52
Kavrepalanchok,"Central Hills",2016,1527.96,-48.18,-3.06
Kavrepalanchok,"Central Hills",2017,1567.98,40.02,2.62
Kavrepalanchok,"Central Hills",2018,1578.46,10.48,0.67
Kavrepalanchok,"Central Hills",2019,1575.66,-2.80,-0.18
Kavrepalanchok,"Central Hills",2020,1493.90,-81.76,-5.19
Kavrepalanchok,"Central Hills",2021,1492.64,-1.26,-0.08
Kavrepalanchok,"Central Hills",2022,1554.47,61.83,4.14
Kavrepalanchok,"Central Hills",2023,1619.28,64.81,4.17
Khotang,"Eastern Hills",2005,1602.45,NULL,NULL
Khotang,"Eastern Hills",2006,1578.10,-24.35,-1.52
Khotang,"Eastern Hills",2007,1489.97,-88.13,-5.58
Khotang,"Eastern Hills",2008,1529.01,39.04,2.62
Khotang,"Eastern Hills",2009,1553.21,24.20,1.58
Khotang,"Eastern Hills",2010,1538.73,-14.48,-0.93
Khotang,"Eastern Hills",2011,1512.54,-26.19,-1.70
Khotang,"Eastern Hills",2012,1611.90,99.36,6.57
Khotang,"Eastern Hills",2013,1519.86,-92.04,-5.71
Khotang,"Eastern Hills",2014,1532.04,12.18,0.80
Khotang,"Eastern Hills",2015,1493.45,-38.59,-2.52
Khotang,"Eastern Hills",2016,1477.18,-16.27,-1.09
Khotang,"Eastern Hills",2017,1496.16,18.98,1.28
Khotang,"Eastern Hills",2018,1476.93,-19.23,-1.29
Khotang,"Eastern Hills",2019,1510.78,33.85,2.29
Khotang,"Eastern Hills",2020,1417.36,-93.42,-6.18
Khotang,"Eastern Hills",2021,1490.41,73.05,5.15
Khotang,"Eastern Hills",2022,1507.28,16.87,1.13
Khotang,"Eastern Hills",2023,1584.07,76.79,5.09
Lalitpur,"Central Hills",2005,1722.26,NULL,NULL
Lalitpur,"Central Hills",2006,1677.84,-44.42,-2.58
Lalitpur,"Central Hills",2007,1583.97,-93.87,-5.59
Lalitpur,"Central Hills",2008,1629.69,45.72,2.89
Lalitpur,"Central Hills",2009,1706.78,77.09,4.73
Lalitpur,"Central Hills",2010,1684.33,-22.45,-1.32
Lalitpur,"Central Hills",2011,1622.98,-61.35,-3.64
Lalitpur,"Central Hills",2012,1745.05,122.07,7.52
Lalitpur,"Central Hills",2013,1605.88,-139.17,-7.98
Lalitpur,"Central Hills",2014,1654.01,48.13,3.00
Lalitpur,"Central Hills",2015,1628.57,-25.44,-1.54
Lalitpur,"Central Hills",2016,1589.10,-39.47,-2.42
Lalitpur,"Central Hills",2017,1628.96,39.86,2.51
Lalitpur,"Central Hills",2018,1641.67,12.71,0.78
Lalitpur,"Central Hills",2019,1625.51,-16.16,-0.98
Lalitpur,"Central Hills",2020,1548.57,-76.94,-4.73
Lalitpur,"Central Hills",2021,1551.27,2.70,0.17
Lalitpur,"Central Hills",2022,1621.57,70.30,4.53
Lalitpur,"Central Hills",2023,1685.98,64.41,3.97
Lamjung,"Western Hills",2005,1679.77,NULL,NULL
Lamjung,"Western Hills",2006,1641.03,-38.74,-2.31
Lamjung,"Western Hills",2007,1540.96,-100.07,-6.10
Lamjung,"Western Hills",2008,1601.64,60.68,3.94
Lamjung,"Western Hills",2009,1681.29,79.65,4.97
Lamjung,"Western Hills",2010,1642.00,-39.29,-2.34
Lamjung,"Western Hills",2011,1574.85,-67.15,-4.09
Lamjung,"Western Hills",2012,1695.67,120.82,7.67
Lamjung,"Western Hills",2013,1548.29,-147.38,-8.69
Lamjung,"Western Hills",2014,1630.10,81.81,5.28
Lamjung,"Western Hills",2015,1601.68,-28.42,-1.74
Lamjung,"Western Hills",2016,1554.33,-47.35,-2.96
Lamjung,"Western Hills",2017,1594.53,40.20,2.59
Lamjung,"Western Hills",2018,1568.90,-25.63,-1.61
Lamjung,"Western Hills",2019,1596.32,27.42,1.75
Lamjung,"Western Hills",2020,1496.88,-99.44,-6.23
Lamjung,"Western Hills",2021,1485.16,-11.72,-0.78
Lamjung,"Western Hills",2022,1571.54,86.38,5.82
Lamjung,"Western Hills",2023,1638.21,66.67,4.24
Mahottari,"Madhesh Terai",2005,1821.97,NULL,NULL
Mahottari,"Madhesh Terai",2006,1820.70,-1.27,-0.07
Mahottari,"Madhesh Terai",2007,1729.69,-91.01,-5.00
Mahottari,"Madhesh Terai",2008,1751.68,21.99,1.27
Mahottari,"Madhesh Terai",2009,1825.43,73.75,4.21
Mahottari,"Madhesh Terai",2010,1806.54,-18.89,-1.03
Mahottari,"Madhesh Terai",2011,1749.65,-56.89,-3.15
Mahottari,"Madhesh Terai",2012,1861.95,112.30,6.42
Mahottari,"Madhesh Terai",2013,1750.62,-111.33,-5.98
Mahottari,"Madhesh Terai",2014,1760.14,9.52,0.54
Mahottari,"Madhesh Terai",2015,1747.12,-13.02,-0.74
Mahottari,"Madhesh Terai",2016,1723.44,-23.68,-1.36
Mahottari,"Madhesh Terai",2017,1743.44,20.00,1.16
Mahottari,"Madhesh Terai",2018,1778.43,34.99,2.01
Mahottari,"Madhesh Terai",2019,1778.38,-0.05,0.00
Mahottari,"Madhesh Terai",2020,1666.48,-111.90,-6.29
Mahottari,"Madhesh Terai",2021,1709.27,42.79,2.57
Mahottari,"Madhesh Terai",2022,1777.51,68.24,3.99
Mahottari,"Madhesh Terai",2023,1829.95,52.44,2.95
Makwanpur,"Central Hills",2005,1780.99,NULL,NULL
Makwanpur,"Central Hills",2006,1756.77,-24.22,-1.36
Makwanpur,"Central Hills",2007,1655.41,-101.36,-5.77
Makwanpur,"Central Hills",2008,1697.28,41.87,2.53
Makwanpur,"Central Hills",2009,1778.81,81.53,4.80
Makwanpur,"Central Hills",2010,1752.44,-26.37,-1.48
Makwanpur,"Central Hills",2011,1688.07,-64.37,-3.67
Makwanpur,"Central Hills",2012,1811.11,123.04,7.29
Makwanpur,"Central Hills",2013,1680.12,-130.99,-7.23
Makwanpur,"Central Hills",2014,1712.01,31.89,1.90
Makwanpur,"Central Hills",2015,1704.05,-7.96,-0.46
Makwanpur,"Central Hills",2016,1664.76,-39.29,-2.31
Makwanpur,"Central Hills",2017,1690.93,26.17,1.57
Makwanpur,"Central Hills",2018,1716.93,26.00,1.54
Makwanpur,"Central Hills",2019,1704.59,-12.34,-0.72
Makwanpur,"Central Hills",2020,1615.67,-88.92,-5.22
Makwanpur,"Central Hills",2021,1624.53,8.86,0.55
Makwanpur,"Central Hills",2022,1707.51,82.98,5.11
Makwanpur,"Central Hills",2023,1767.06,59.55,3.49
Manang,"High Mountain",2005,1868.01,NULL,NULL
Manang,"High Mountain",2006,1814.80,-53.21,-2.85
Manang,"High Mountain",2007,1741.57,-73.23,-4.04
Manang,"High Mountain",2008,1783.96,42.39,2.43
Manang,"High Mountain",2009,1858.45,74.49,4.18
Manang,"High Mountain",2010,1793.26,-65.19,-3.51
Manang,"High Mountain",2011,1772.06,-21.20,-1.18
Manang,"High Mountain",2012,1866.15,94.09,5.31
Manang,"High Mountain",2013,1745.95,-120.20,-6.44
Manang,"High Mountain",2014,1842.16,96.21,5.51
Manang,"High Mountain",2015,1825.34,-16.82,-0.91
Manang,"High Mountain",2016,1737.42,-87.92,-4.82
Manang,"High Mountain",2017,1786.46,49.04,2.82
Manang,"High Mountain",2018,1783.59,-2.87,-0.16
Manang,"High Mountain",2019,1782.89,-0.70,-0.04
Manang,"High Mountain",2020,1718.96,-63.93,-3.59
Manang,"High Mountain",2021,1668.51,-50.45,-2.93
Manang,"High Mountain",2022,1741.56,73.05,4.38
Manang,"High Mountain",2023,1807.94,66.38,3.81
Morang,"Eastern Terai",2005,1669.54,NULL,NULL
Morang,"Eastern Terai",2006,1704.02,34.48,2.07
Morang,"Eastern Terai",2007,1615.38,-88.64,-5.20
Morang,"Eastern Terai",2008,1619.13,3.75,0.23
Morang,"Eastern Terai",2009,1653.18,34.05,2.10
Morang,"Eastern Terai",2010,1637.50,-15.68,-0.95
Morang,"Eastern Terai",2011,1615.47,-22.03,-1.35
Morang,"Eastern Terai",2012,1706.02,90.55,5.61
Morang,"Eastern Terai",2013,1633.63,-72.39,-4.24
Morang,"Eastern Terai",2014,1653.23,19.60,1.20
Morang,"Eastern Terai",2015,1594.07,-59.16,-3.58
Morang,"Eastern Terai",2016,1603.75,9.68,0.61
Morang,"Eastern Terai",2017,1611.09,7.34,0.46
Morang,"Eastern Terai",2018,1613.12,2.03,0.13
Morang,"Eastern Terai",2019,1619.66,6.54,0.41
Morang,"Eastern Terai",2020,1537.03,-82.63,-5.10
Morang,"Eastern Terai",2021,1627.29,90.26,5.87
Morang,"Eastern Terai",2022,1627.33,0.04,0.00
Morang,"Eastern Terai",2023,1703.22,75.89,4.66
Mugu,"High Mountain",2005,1730.43,NULL,NULL
Mugu,"High Mountain",2006,1714.95,-15.48,-0.89
Mugu,"High Mountain",2007,1678.65,-36.30,-2.12
Mugu,"High Mountain",2008,1676.26,-2.39,-0.14
Mugu,"High Mountain",2009,1774.26,98.00,5.85
Mugu,"High Mountain",2010,1679.53,-94.73,-5.34
Mugu,"High Mountain",2011,1671.57,-7.96,-0.47
Mugu,"High Mountain",2012,1727.04,55.47,3.32
Mugu,"High Mountain",2013,1671.71,-55.33,-3.20
Mugu,"High Mountain",2014,1772.54,100.83,6.03
Mugu,"High Mountain",2015,1755.48,-17.06,-0.96
Mugu,"High Mountain",2016,1677.01,-78.47,-4.47
Mugu,"High Mountain",2017,1675.52,-1.49,-0.09
Mugu,"High Mountain",2018,1677.92,2.40,0.14
Mugu,"High Mountain",2019,1706.24,28.32,1.69
Mugu,"High Mountain",2020,1722.93,16.69,0.98
Mugu,"High Mountain",2021,1644.97,-77.96,-4.52
Mugu,"High Mountain",2022,1666.64,21.67,1.32
Mugu,"High Mountain",2023,1702.98,36.34,2.18
Mustang,"High Mountain",2005,2075.09,NULL,NULL
Mustang,"High Mountain",2006,2020.02,-55.07,-2.65
Mustang,"High Mountain",2007,1965.49,-54.53,-2.70
Mustang,"High Mountain",2008,1982.03,16.54,0.84
Mustang,"High Mountain",2009,2075.57,93.54,4.72
Mustang,"High Mountain",2010,2004.43,-71.14,-3.43
Mustang,"High Mountain",2011,1980.23,-24.20,-1.21
Mustang,"High Mountain",2012,2058.25,78.02,3.94
Mustang,"High Mountain",2013,1962.24,-96.01,-4.66
Mustang,"High Mountain",2014,2061.37,99.13,5.05
Mustang,"High Mountain",2015,2056.84,-4.53,-0.22
Mustang,"High Mountain",2016,1945.24,-111.60,-5.43
Mustang,"High Mountain",2017,1990.23,44.99,2.31
Mustang,"High Mountain",2018,1969.10,-21.13,-1.06
Mustang,"High Mountain",2019,2010.30,41.20,2.09
Mustang,"High Mountain",2020,1963.14,-47.16,-2.35
Mustang,"High Mountain",2021,1903.43,-59.71,-3.04
Mustang,"High Mountain",2022,1966.86,63.43,3.33
Mustang,"High Mountain",2023,2007.31,40.45,2.06
Myagdi,"Western Hills",2005,1543.52,NULL,NULL
Myagdi,"Western Hills",2006,1527.32,-16.20,-1.05
Myagdi,"Western Hills",2007,1432.43,-94.89,-6.21
Myagdi,"Western Hills",2008,1470.35,37.92,2.65
Myagdi,"Western Hills",2009,1558.87,88.52,6.02
Myagdi,"Western Hills",2010,1510.03,-48.84,-3.13
Myagdi,"Western Hills",2011,1439.29,-70.74,-4.68
Myagdi,"Western Hills",2012,1561.57,122.28,8.50
Myagdi,"Western Hills",2013,1425.17,-136.40,-8.73
Myagdi,"Western Hills",2014,1506.69,81.52,5.72
Myagdi,"Western Hills",2015,1471.84,-34.85,-2.31
Myagdi,"Western Hills",2016,1422.93,-48.91,-3.32
Myagdi,"Western Hills",2017,1462.58,39.65,2.79
Myagdi,"Western Hills",2018,1445.18,-17.40,-1.19
Myagdi,"Western Hills",2019,1464.15,18.97,1.31
Myagdi,"Western Hills",2020,1381.55,-82.60,-5.64
Myagdi,"Western Hills",2021,1364.97,-16.58,-1.20
Myagdi,"Western Hills",2022,1454.47,89.50,6.56
Myagdi,"Western Hills",2023,1496.20,41.73,2.87
Nawalpur,"Inner Terai",2005,1751.60,NULL,NULL
Nawalpur,"Inner Terai",2006,1723.85,-27.75,-1.58
Nawalpur,"Inner Terai",2007,1599.58,-124.27,-7.21
Nawalpur,"Inner Terai",2008,1660.77,61.19,3.83
Nawalpur,"Inner Terai",2009,1752.48,91.71,5.52
Nawalpur,"Inner Terai",2010,1716.27,-36.21,-2.07
Nawalpur,"Inner Terai",2011,1652.91,-63.36,-3.69
Nawalpur,"Inner Terai",2012,1787.63,134.72,8.15
Nawalpur,"Inner Terai",2013,1626.97,-160.66,-8.99
Nawalpur,"Inner Terai",2014,1686.42,59.45,3.65
Nawalpur,"Inner Terai",2015,1658.26,-28.16,-1.67
Nawalpur,"Inner Terai",2016,1630.55,-27.71,-1.67
Nawalpur,"Inner Terai",2017,1653.53,22.98,1.41
Nawalpur,"Inner Terai",2018,1670.32,16.79,1.02
Nawalpur,"Inner Terai",2019,1671.82,1.50,0.09
Nawalpur,"Inner Terai",2020,1565.99,-105.83,-6.33
Nawalpur,"Inner Terai",2021,1575.96,9.97,0.64
Nawalpur,"Inner Terai",2022,1665.01,89.05,5.65
Nawalpur,"Inner Terai",2023,1735.78,70.77,4.25
Nuwakot,"Central Hills",2005,1712.21,NULL,NULL
Nuwakot,"Central Hills",2006,1662.30,-49.91,-2.91
Nuwakot,"Central Hills",2007,1570.42,-91.88,-5.53
Nuwakot,"Central Hills",2008,1622.05,51.63,3.29
Nuwakot,"Central Hills",2009,1694.74,72.69,4.48
Nuwakot,"Central Hills",2010,1672.06,-22.68,-1.34
Nuwakot,"Central Hills",2011,1612.15,-59.91,-3.58
Nuwakot,"Central Hills",2012,1728.41,116.26,7.21
Nuwakot,"Central Hills",2013,1584.49,-143.92,-8.33
Nuwakot,"Central Hills",2014,1645.44,60.95,3.85
Nuwakot,"Central Hills",2015,1624.22,-21.22,-1.29
Nuwakot,"Central Hills",2016,1579.36,-44.86,-2.76
Nuwakot,"Central Hills",2017,1624.58,45.22,2.86
Nuwakot,"Central Hills",2018,1619.32,-5.26,-0.32
Nuwakot,"Central Hills",2019,1611.56,-7.76,-0.48
Nuwakot,"Central Hills",2020,1535.13,-76.43,-4.74
Nuwakot,"Central Hills",2021,1522.91,-12.22,-0.80
Nuwakot,"Central Hills",2022,1604.22,81.31,5.34
Nuwakot,"Central Hills",2023,1669.36,65.14,4.06
Okhaldhunga,"Central Hills",2005,1605.99,NULL,NULL
Okhaldhunga,"Central Hills",2006,1564.25,-41.74,-2.60
Okhaldhunga,"Central Hills",2007,1486.57,-77.68,-4.97
Okhaldhunga,"Central Hills",2008,1526.82,40.25,2.71
Okhaldhunga,"Central Hills",2009,1556.55,29.73,1.95
Okhaldhunga,"Central Hills",2010,1541.65,-14.90,-0.96
Okhaldhunga,"Central Hills",2011,1504.76,-36.89,-2.39
Okhaldhunga,"Central Hills",2012,1616.92,112.16,7.45
Okhaldhunga,"Central Hills",2013,1510.79,-106.13,-6.56
Okhaldhunga,"Central Hills",2014,1533.51,22.72,1.50
Okhaldhunga,"Central Hills",2015,1512.43,-21.08,-1.37
Okhaldhunga,"Central Hills",2016,1480.48,-31.95,-2.11
Okhaldhunga,"Central Hills",2017,1498.19,17.71,1.20
Okhaldhunga,"Central Hills",2018,1494.04,-4.15,-0.28
Okhaldhunga,"Central Hills",2019,1524.77,30.73,2.06
Okhaldhunga,"Central Hills",2020,1416.94,-107.83,-7.07
Okhaldhunga,"Central Hills",2021,1470.28,53.34,3.76
Okhaldhunga,"Central Hills",2022,1498.70,28.42,1.93
Okhaldhunga,"Central Hills",2023,1570.02,71.32,4.76
Palpa,"Western Hills",2005,1739.87,NULL,NULL
Palpa,"Western Hills",2006,1707.04,-32.83,-1.89
Palpa,"Western Hills",2007,1586.30,-120.74,-7.07
Palpa,"Western Hills",2008,1645.75,59.45,3.75
Palpa,"Western Hills",2009,1743.91,98.16,5.96
Palpa,"Western Hills",2010,1702.34,-41.57,-2.38
Palpa,"Western Hills",2011,1635.18,-67.16,-3.95
Palpa,"Western Hills",2012,1769.27,134.09,8.20
Palpa,"Western Hills",2013,1596.70,-172.57,-9.75
Palpa,"Western Hills",2014,1673.53,76.83,4.81
Palpa,"Western Hills",2015,1633.48,-40.05,-2.39
Palpa,"Western Hills",2016,1603.87,-29.61,-1.81
Palpa,"Western Hills",2017,1631.90,28.03,1.75
Palpa,"Western Hills",2018,1639.20,7.30,0.45
Palpa,"Western Hills",2019,1648.70,9.50,0.58
Palpa,"Western Hills",2020,1544.91,-103.79,-6.30
Palpa,"Western Hills",2021,1556.67,11.76,0.76
Palpa,"Western Hills",2022,1637.28,80.61,5.18
Palpa,"Western Hills",2023,1716.57,79.29,4.84
Panchthar,"Eastern Hills",2005,1553.95,NULL,NULL
Panchthar,"Eastern Hills",2006,1559.91,5.96,0.38
Panchthar,"Eastern Hills",2007,1479.14,-80.77,-5.18
Panchthar,"Eastern Hills",2008,1475.80,-3.34,-0.23
Panchthar,"Eastern Hills",2009,1489.42,13.62,0.92
Panchthar,"Eastern Hills",2010,1492.79,3.37,0.23
Panchthar,"Eastern Hills",2011,1473.08,-19.71,-1.32
Panchthar,"Eastern Hills",2012,1547.16,74.08,5.03
Panchthar,"Eastern Hills",2013,1483.90,-63.26,-4.09
Panchthar,"Eastern Hills",2014,1508.22,24.32,1.64
Panchthar,"Eastern Hills",2015,1479.06,-29.16,-1.93
Panchthar,"Eastern Hills",2016,1452.47,-26.59,-1.80
Panchthar,"Eastern Hills",2017,1498.56,46.09,3.17
Panchthar,"Eastern Hills",2018,1436.69,-61.87,-4.13
Panchthar,"Eastern Hills",2019,1471.96,35.27,2.45
Panchthar,"Eastern Hills",2020,1392.01,-79.95,-5.43
Panchthar,"Eastern Hills",2021,1458.23,66.22,4.76
Panchthar,"Eastern Hills",2022,1488.20,29.97,2.06
Panchthar,"Eastern Hills",2023,1545.12,56.92,3.82
Parasi,"Western Terai",2005,1786.63,NULL,NULL
Parasi,"Western Terai",2006,1762.14,-24.49,-1.37
Parasi,"Western Terai",2007,1640.37,-121.77,-6.91
Parasi,"Western Terai",2008,1689.19,48.82,2.98
Parasi,"Western Terai",2009,1793.32,104.13,6.16
Parasi,"Western Terai",2010,1749.76,-43.56,-2.43
Parasi,"Western Terai",2011,1697.98,-51.78,-2.96
Parasi,"Western Terai",2012,1819.70,121.72,7.17
Parasi,"Western Terai",2013,1654.17,-165.53,-9.10
Parasi,"Western Terai",2014,1721.82,67.65,4.09
Parasi,"Western Terai",2015,1691.57,-30.25,-1.76
Parasi,"Western Terai",2016,1663.88,-27.69,-1.64
Parasi,"Western Terai",2017,1687.54,23.66,1.42
Parasi,"Western Terai",2018,1712.13,24.59,1.46
Parasi,"Western Terai",2019,1701.16,-10.97,-0.64
Parasi,"Western Terai",2020,1599.97,-101.19,-5.95
Parasi,"Western Terai",2021,1612.38,12.41,0.78
Parasi,"Western Terai",2022,1700.69,88.31,5.48
Parasi,"Western Terai",2023,1771.45,70.76,4.16
Parbat,"Western Hills",2005,1594.62,NULL,NULL
Parbat,"Western Hills",2006,1566.91,-27.71,-1.74
Parbat,"Western Hills",2007,1470.50,-96.41,-6.15
Parbat,"Western Hills",2008,1509.13,38.63,2.63
Parbat,"Western Hills",2009,1607.30,98.17,6.51
Parbat,"Western Hills",2010,1557.31,-49.99,-3.11
Parbat,"Western Hills",2011,1478.19,-79.12,-5.08
Parbat,"Western Hills",2012,1609.66,131.47,8.89
Parbat,"Western Hills",2013,1465.22,-144.44,-8.97
Parbat,"Western Hills",2014,1551.11,85.89,5.86
Parbat,"Western Hills",2015,1514.20,-36.91,-2.38
Parbat,"Western Hills",2016,1458.26,-55.94,-3.69
Parbat,"Western Hills",2017,1503.02,44.76,3.07
Parbat,"Western Hills",2018,1480.99,-22.03,-1.47
Parbat,"Western Hills",2019,1510.77,29.78,2.01
Parbat,"Western Hills",2020,1417.72,-93.05,-6.16
Parbat,"Western Hills",2021,1400.63,-17.09,-1.21
Parbat,"Western Hills",2022,1497.33,96.70,6.90
Parbat,"Western Hills",2023,1536.94,39.61,2.65
Parsa,"Madhesh Terai",2005,1833.27,NULL,NULL
Parsa,"Madhesh Terai",2006,1822.64,-10.63,-0.58
Parsa,"Madhesh Terai",2007,1717.71,-104.93,-5.76
Parsa,"Madhesh Terai",2008,1748.99,31.28,1.82
Parsa,"Madhesh Terai",2009,1840.29,91.30,5.22
Parsa,"Madhesh Terai",2010,1811.43,-28.86,-1.57
Parsa,"Madhesh Terai",2011,1752.26,-59.17,-3.27
Parsa,"Madhesh Terai",2012,1866.58,114.32,6.52
Parsa,"Madhesh Terai",2013,1746.82,-119.76,-6.42
Parsa,"Madhesh Terai",2014,1767.27,20.45,1.17
Parsa,"Madhesh Terai",2015,1773.59,6.32,0.36
Parsa,"Madhesh Terai",2016,1729.09,-44.50,-2.51
Parsa,"Madhesh Terai",2017,1749.39,20.30,1.17
Parsa,"Madhesh Terai",2018,1790.33,40.94,2.34
Parsa,"Madhesh Terai",2019,1763.39,-26.94,-1.50
Parsa,"Madhesh Terai",2020,1671.94,-91.45,-5.19
Parsa,"Madhesh Terai",2021,1683.93,11.99,0.72
Parsa,"Madhesh Terai",2022,1783.64,99.71,5.92
Parsa,"Madhesh Terai",2023,1824.68,41.04,2.30
Pyuthan,"Mid-West Hills",2005,1738.23,NULL,NULL
Pyuthan,"Mid-West Hills",2006,1712.48,-25.75,-1.48
Pyuthan,"Mid-West Hills",2007,1619.06,-93.42,-5.46
Pyuthan,"Mid-West Hills",2008,1641.54,22.48,1.39
Pyuthan,"Mid-West Hills",2009,1751.82,110.28,6.72
Pyuthan,"Mid-West Hills",2010,1704.01,-47.81,-2.73
Pyuthan,"Mid-West Hills",2011,1644.61,-59.40,-3.49
Pyuthan,"Mid-West Hills",2012,1759.33,114.72,6.98
Pyuthan,"Mid-West Hills",2013,1593.58,-165.75,-9.42
Pyuthan,"Mid-West Hills",2014,1688.07,94.49,5.93
Pyuthan,"Mid-West Hills",2015,1652.47,-35.60,-2.11
Pyuthan,"Mid-West Hills",2016,1612.37,-40.10,-2.43
Pyuthan,"Mid-West Hills",2017,1640.10,27.73,1.72
Pyuthan,"Mid-West Hills",2018,1655.14,15.04,0.92
Pyuthan,"Mid-West Hills",2019,1649.32,-5.82,-0.35
Pyuthan,"Mid-West Hills",2020,1564.38,-84.94,-5.15
Pyuthan,"Mid-West Hills",2021,1549.69,-14.69,-0.94
Pyuthan,"Mid-West Hills",2022,1654.64,104.95,6.77
Pyuthan,"Mid-West Hills",2023,1693.58,38.94,2.35
Ramechhap,"Eastern Hills",2005,1689.46,NULL,NULL
Ramechhap,"Eastern Hills",2006,1654.71,-34.75,-2.06
Ramechhap,"Eastern Hills",2007,1576.72,-77.99,-4.71
Ramechhap,"Eastern Hills",2008,1606.06,29.34,1.86
Ramechhap,"Eastern Hills",2009,1660.85,54.79,3.41
Ramechhap,"Eastern Hills",2010,1647.45,-13.40,-0.81
Ramechhap,"Eastern Hills",2011,1583.74,-63.71,-3.87
Ramechhap,"Eastern Hills",2012,1722.47,138.73,8.76
Ramechhap,"Eastern Hills",2013,1586.35,-136.12,-7.90
Ramechhap,"Eastern Hills",2014,1622.84,36.49,2.30
Ramechhap,"Eastern Hills",2015,1600.49,-22.35,-1.38
Ramechhap,"Eastern Hills",2016,1565.01,-35.48,-2.22
Ramechhap,"Eastern Hills",2017,1590.96,25.95,1.66
Ramechhap,"Eastern Hills",2018,1597.24,6.28,0.39
Ramechhap,"Eastern Hills",2019,1620.92,23.68,1.48
Ramechhap,"Eastern Hills",2020,1515.35,-105.57,-6.51
Ramechhap,"Eastern Hills",2021,1550.46,35.11,2.32
Ramechhap,"Eastern Hills",2022,1591.97,41.51,2.68
Ramechhap,"Eastern Hills",2023,1667.20,75.23,4.73
Rasuwa,"Central Hills",2005,1781.05,NULL,NULL
Rasuwa,"Central Hills",2006,1734.31,-46.74,-2.62
Rasuwa,"Central Hills",2007,1667.89,-66.42,-3.83
Rasuwa,"Central Hills",2008,1706.72,38.83,2.33
Rasuwa,"Central Hills",2009,1770.68,63.96,3.75
Rasuwa,"Central Hills",2010,1745.25,-25.43,-1.44
Rasuwa,"Central Hills",2011,1693.74,-51.51,-2.95
Rasuwa,"Central Hills",2012,1788.04,94.30,5.57
Rasuwa,"Central Hills",2013,1668.23,-119.81,-6.70
Rasuwa,"Central Hills",2014,1733.82,65.59,3.93
Rasuwa,"Central Hills",2015,1719.13,-14.69,-0.85
Rasuwa,"Central Hills",2016,1666.75,-52.38,-3.05
Rasuwa,"Central Hills",2017,1715.91,49.16,2.95
Rasuwa,"Central Hills",2018,1695.00,-20.91,-1.22
Rasuwa,"Central Hills",2019,1690.19,-4.81,-0.28
Rasuwa,"Central Hills",2020,1622.58,-67.61,-4.00
Rasuwa,"Central Hills",2021,1595.71,-26.87,-1.66
Rasuwa,"Central Hills",2022,1683.49,87.78,5.50
Rasuwa,"Central Hills",2023,1726.83,43.34,2.57
Rautahat,"Madhesh Terai",2005,1839.52,NULL,NULL
Rautahat,"Madhesh Terai",2006,1836.80,-2.72,-0.15
Rautahat,"Madhesh Terai",2007,1743.77,-93.03,-5.06
Rautahat,"Madhesh Terai",2008,1769.79,26.02,1.49
Rautahat,"Madhesh Terai",2009,1848.71,78.92,4.46
Rautahat,"Madhesh Terai",2010,1826.76,-21.95,-1.19
Rautahat,"Madhesh Terai",2011,1767.49,-59.27,-3.24
Rautahat,"Madhesh Terai",2012,1876.88,109.39,6.19
Rautahat,"Madhesh Terai",2013,1770.44,-106.44,-5.67
Rautahat,"Madhesh Terai",2014,1780.18,9.74,0.55
Rautahat,"Madhesh Terai",2015,1774.54,-5.64,-0.32
Rautahat,"Madhesh Terai",2016,1743.21,-31.33,-1.77
Rautahat,"Madhesh Terai",2017,1761.25,18.04,1.03
Rautahat,"Madhesh Terai",2018,1800.80,39.55,2.25
Rautahat,"Madhesh Terai",2019,1792.36,-8.44,-0.47
Rautahat,"Madhesh Terai",2020,1686.07,-106.29,-5.93
Rautahat,"Madhesh Terai",2021,1716.94,30.87,1.83
Rautahat,"Madhesh Terai",2022,1797.85,80.91,4.71
Rautahat,"Madhesh Terai",2023,1844.21,46.36,2.58
Rolpa,"Mid-West Hills",2005,1662.37,NULL,NULL
Rolpa,"Mid-West Hills",2006,1637.86,-24.51,-1.47
Rolpa,"Mid-West Hills",2007,1558.12,-79.74,-4.87
Rolpa,"Mid-West Hills",2008,1571.31,13.19,0.85
Rolpa,"Mid-West Hills",2009,1677.60,106.29,6.76
Rolpa,"Mid-West Hills",2010,1631.12,-46.48,-2.77
Rolpa,"Mid-West Hills",2011,1587.53,-43.59,-2.67
Rolpa,"Mid-West Hills",2012,1678.65,91.12,5.74
Rolpa,"Mid-West Hills",2013,1530.01,-148.64,-8.85
Rolpa,"Mid-West Hills",2014,1627.90,97.89,6.40
Rolpa,"Mid-West Hills",2015,1591.03,-36.87,-2.26
Rolpa,"Mid-West Hills",2016,1554.89,-36.14,-2.27
Rolpa,"Mid-West Hills",2017,1579.36,24.47,1.57
Rolpa,"Mid-West Hills",2018,1598.22,18.86,1.19
Rolpa,"Mid-West Hills",2019,1582.39,-15.83,-0.99
Rolpa,"Mid-West Hills",2020,1509.98,-72.41,-4.58
Rolpa,"Mid-West Hills",2021,1495.93,-14.05,-0.93
Rolpa,"Mid-West Hills",2022,1591.43,95.50,6.38
Rolpa,"Mid-West Hills",2023,1620.28,28.85,1.81
Rukum_East,"Mid-West Hills",2005,1687.61,NULL,NULL
Rukum_East,"Mid-West Hills",2006,1659.15,-28.46,-1.69
Rukum_East,"Mid-West Hills",2007,1589.15,-70.00,-4.22
Rukum_East,"Mid-West Hills",2008,1606.99,17.84,1.12
Rukum_East,"Mid-West Hills",2009,1722.62,115.63,7.20
Rukum_East,"Mid-West Hills",2010,1662.40,-60.22,-3.50
Rukum_East,"Mid-West Hills",2011,1595.96,-66.44,-4.00
Rukum_East,"Mid-West Hills",2012,1710.85,114.89,7.20
Rukum_East,"Mid-West Hills",2013,1558.19,-152.66,-8.92
Rukum_East,"Mid-West Hills",2014,1682.23,124.04,7.96
Rukum_East,"Mid-West Hills",2015,1621.40,-60.83,-3.62
Rukum_East,"Mid-West Hills",2016,1588.47,-32.93,-2.03
Rukum_East,"Mid-West Hills",2017,1611.71,23.24,1.46
Rukum_East,"Mid-West Hills",2018,1611.68,-0.03,0.00
Rukum_East,"Mid-West Hills",2019,1610.67,-1.01,-0.06
Rukum_East,"Mid-West Hills",2020,1554.81,-55.86,-3.47
Rukum_East,"Mid-West Hills",2021,1520.14,-34.67,-2.23
Rukum_East,"Mid-West Hills",2022,1622.19,102.05,6.71
Rukum_East,"Mid-West Hills",2023,1611.69,-10.50,-0.65
Rukum_West,"Mid-West Hills",2005,1685.23,NULL,NULL
Rukum_West,"Mid-West Hills",2006,1677.82,-7.41,-0.44
Rukum_West,"Mid-West Hills",2007,1624.90,-52.92,-3.15
Rukum_West,"Mid-West Hills",2008,1619.00,-5.90,-0.36
Rukum_West,"Mid-West Hills",2009,1736.33,117.33,7.25
Rukum_West,"Mid-West Hills",2010,1672.63,-63.70,-3.67
Rukum_West,"Mid-West Hills",2011,1622.55,-50.08,-2.99
Rukum_West,"Mid-West Hills",2012,1707.55,85.00,5.24
Rukum_West,"Mid-West Hills",2013,1584.91,-122.64,-7.18
Rukum_West,"Mid-West Hills",2014,1709.87,124.96,7.88
Rukum_West,"Mid-West Hills",2015,1663.32,-46.55,-2.72
Rukum_West,"Mid-West Hills",2016,1624.79,-38.53,-2.32
Rukum_West,"Mid-West Hills",2017,1631.85,7.06,0.43
Rukum_West,"Mid-West Hills",2018,1637.91,6.06,0.37
Rukum_West,"Mid-West Hills",2019,1626.32,-11.59,-0.71
Rukum_West,"Mid-West Hills",2020,1602.84,-23.48,-1.44
Rukum_West,"Mid-West Hills",2021,1546.64,-56.20,-3.51
Rukum_West,"Mid-West Hills",2022,1635.26,88.62,5.73
Rukum_West,"Mid-West Hills",2023,1628.42,-6.84,-0.42
Rupandehi,"Western Terai",2005,1813.71,NULL,NULL
Rupandehi,"Western Terai",2006,1790.20,-23.51,-1.30
Rupandehi,"Western Terai",2007,1677.92,-112.28,-6.27
Rupandehi,"Western Terai",2008,1711.89,33.97,2.02
Rupandehi,"Western Terai",2009,1821.32,109.43,6.39
Rupandehi,"Western Terai",2010,1775.63,-45.69,-2.51
Rupandehi,"Western Terai",2011,1731.03,-44.60,-2.51
Rupandehi,"Western Terai",2012,1842.30,111.27,6.43
Rupandehi,"Western Terai",2013,1674.75,-167.55,-9.09
Rupandehi,"Western Terai",2014,1744.38,69.63,4.16
Rupandehi,"Western Terai",2015,1726.23,-18.15,-1.04
Rupandehi,"Western Terai",2016,1688.93,-37.30,-2.16
Rupandehi,"Western Terai",2017,1713.47,24.54,1.45
Rupandehi,"Western Terai",2018,1742.94,29.47,1.72
Rupandehi,"Western Terai",2019,1725.57,-17.37,-1.00
Rupandehi,"Western Terai",2020,1630.61,-94.96,-5.50
Rupandehi,"Western Terai",2021,1635.62,5.01,0.31
Rupandehi,"Western Terai",2022,1729.20,93.58,5.72
Rupandehi,"Western Terai",2023,1799.71,70.51,4.08
Salyan,"Mid-West Hills",2005,1690.11,NULL,NULL
Salyan,"Mid-West Hills",2006,1668.53,-21.58,-1.28
Salyan,"Mid-West Hills",2007,1593.40,-75.13,-4.50
Salyan,"Mid-West Hills",2008,1603.59,10.19,0.64
Salyan,"Mid-West Hills",2009,1724.71,121.12,7.55
Salyan,"Mid-West Hills",2010,1670.07,-54.64,-3.17
Salyan,"Mid-West Hills",2011,1624.27,-45.80,-2.74
Salyan,"Mid-West Hills",2012,1717.96,93.69,5.77
Salyan,"Mid-West Hills",2013,1556.18,-161.78,-9.42
Salyan,"Mid-West Hills",2014,1686.71,130.53,8.39
Salyan,"Mid-West Hills",2015,1630.06,-56.65,-3.36
Salyan,"Mid-West Hills",2016,1595.39,-34.67,-2.13
Salyan,"Mid-West Hills",2017,1621.85,26.46,1.66
Salyan,"Mid-West Hills",2018,1637.67,15.82,0.98
Salyan,"Mid-West Hills",2019,1612.90,-24.77,-1.51
Salyan,"Mid-West Hills",2020,1559.45,-53.45,-3.31
Salyan,"Mid-West Hills",2021,1533.46,-25.99,-1.67
Salyan,"Mid-West Hills",2022,1632.29,98.83,6.44
Salyan,"Mid-West Hills",2023,1642.27,9.98,0.61
Sankhuwasabha,"Eastern Mountain",2005,1685.42,NULL,NULL
Sankhuwasabha,"Eastern Mountain",2006,1655.11,-30.31,-1.80
Sankhuwasabha,"Eastern Mountain",2007,1586.44,-68.67,-4.15
Sankhuwasabha,"Eastern Mountain",2008,1608.21,21.77,1.37
Sankhuwasabha,"Eastern Mountain",2009,1633.05,24.84,1.54
Sankhuwasabha,"Eastern Mountain",2010,1620.91,-12.14,-0.74
Sankhuwasabha,"Eastern Mountain",2011,1592.37,-28.54,-1.76
Sankhuwasabha,"Eastern Mountain",2012,1683.63,91.26,5.73
Sankhuwasabha,"Eastern Mountain",2013,1595.06,-88.57,-5.26
Sankhuwasabha,"Eastern Mountain",2014,1628.21,33.15,2.08
Sankhuwasabha,"Eastern Mountain",2015,1605.35,-22.86,-1.40
Sankhuwasabha,"Eastern Mountain",2016,1577.26,-28.09,-1.75
Sankhuwasabha,"Eastern Mountain",2017,1606.46,29.20,1.85
Sankhuwasabha,"Eastern Mountain",2018,1561.20,-45.26,-2.82
Sankhuwasabha,"Eastern Mountain",2019,1592.39,31.19,2.00
Sankhuwasabha,"Eastern Mountain",2020,1492.72,-99.67,-6.26
Sankhuwasabha,"Eastern Mountain",2021,1554.28,61.56,4.12
Sankhuwasabha,"Eastern Mountain",2022,1583.84,29.56,1.90
Sankhuwasabha,"Eastern Mountain",2023,1652.26,68.42,4.32
Saptari,"Madhesh Terai",2005,1713.15,NULL,NULL
Saptari,"Madhesh Terai",2006,1739.20,26.05,1.52
Saptari,"Madhesh Terai",2007,1645.50,-93.70,-5.39
Saptari,"Madhesh Terai",2008,1658.94,13.44,0.82
Saptari,"Madhesh Terai",2009,1713.89,54.95,3.31
Saptari,"Madhesh Terai",2010,1696.14,-17.75,-1.04
Saptari,"Madhesh Terai",2011,1661.26,-34.88,-2.06
Saptari,"Madhesh Terai",2012,1763.61,102.35,6.16
Saptari,"Madhesh Terai",2013,1665.58,-98.03,-5.56
Saptari,"Madhesh Terai",2014,1670.69,5.11,0.31
Saptari,"Madhesh Terai",2015,1622.05,-48.64,-2.91
Saptari,"Madhesh Terai",2016,1631.07,9.02,0.56
Saptari,"Madhesh Terai",2017,1647.43,16.36,1.00
Saptari,"Madhesh Terai",2018,1664.28,16.85,1.02
Saptari,"Madhesh Terai",2019,1671.12,6.84,0.41
Saptari,"Madhesh Terai",2020,1564.69,-106.43,-6.37
Saptari,"Madhesh Terai",2021,1649.68,84.99,5.43
Saptari,"Madhesh Terai",2022,1673.51,23.83,1.44
Saptari,"Madhesh Terai",2023,1739.74,66.23,3.96
Sarlahi,"Madhesh Terai",2005,1794.25,NULL,NULL
Sarlahi,"Madhesh Terai",2006,1782.38,-11.87,-0.66
Sarlahi,"Madhesh Terai",2007,1692.27,-90.11,-5.06
Sarlahi,"Madhesh Terai",2008,1720.64,28.37,1.68
Sarlahi,"Madhesh Terai",2009,1791.59,70.95,4.12
Sarlahi,"Madhesh Terai",2010,1770.59,-21.00,-1.17
Sarlahi,"Madhesh Terai",2011,1707.06,-63.53,-3.59
Sarlahi,"Madhesh Terai",2012,1831.30,124.24,7.28
Sarlahi,"Madhesh Terai",2013,1710.30,-121.00,-6.61
Sarlahi,"Madhesh Terai",2014,1728.47,18.17,1.06
Sarlahi,"Madhesh Terai",2015,1715.48,-12.99,-0.75
Sarlahi,"Madhesh Terai",2016,1688.48,-27.00,-1.57
Sarlahi,"Madhesh Terai",2017,1708.70,20.22,1.20
Sarlahi,"Madhesh Terai",2018,1735.70,27.00,1.58
Sarlahi,"Madhesh Terai",2019,1741.51,5.81,0.33
Sarlahi,"Madhesh Terai",2020,1635.69,-105.82,-6.08
Sarlahi,"Madhesh Terai",2021,1670.88,35.19,2.15
Sarlahi,"Madhesh Terai",2022,1733.51,62.63,3.75
Sarlahi,"Madhesh Terai",2023,1796.90,63.39,3.66
Sindhuli,"Central Hills",2005,1702.29,NULL,NULL
Sindhuli,"Central Hills",2006,1688.58,-13.71,-0.81
Sindhuli,"Central Hills",2007,1605.90,-82.68,-4.90
Sindhuli,"Central Hills",2008,1631.03,25.13,1.56
Sindhuli,"Central Hills",2009,1690.31,59.28,3.63
Sindhuli,"Central Hills",2010,1673.05,-17.26,-1.02
Sindhuli,"Central Hills",2011,1618.42,-54.63,-3.27
Sindhuli,"Central Hills",2012,1738.73,120.31,7.43
Sindhuli,"Central Hills",2013,1615.81,-122.92,-7.07
Sindhuli,"Central Hills",2014,1640.01,24.20,1.50
Sindhuli,"Central Hills",2015,1620.55,-19.46,-1.19
Sindhuli,"Central Hills",2016,1601.36,-19.19,-1.18
Sindhuli,"Central Hills",2017,1616.49,15.13,0.94
Sindhuli,"Central Hills",2018,1641.28,24.79,1.53
Sindhuli,"Central Hills",2019,1655.15,13.87,0.85
Sindhuli,"Central Hills",2020,1545.89,-109.26,-6.60
Sindhuli,"Central Hills",2021,1589.76,43.87,2.84
Sindhuli,"Central Hills",2022,1640.42,50.66,3.19
Sindhuli,"Central Hills",2023,1705.66,65.24,3.98
Sindhupalchok,"Central Hills",2005,1595.86,NULL,NULL
Sindhupalchok,"Central Hills",2006,1542.06,-53.80,-3.37
Sindhupalchok,"Central Hills",2007,1477.98,-64.08,-4.16
Sindhupalchok,"Central Hills",2008,1511.98,34.00,2.30
Sindhupalchok,"Central Hills",2009,1582.31,70.33,4.65
Sindhupalchok,"Central Hills",2010,1564.02,-18.29,-1.16
Sindhupalchok,"Central Hills",2011,1497.68,-66.34,-4.24
Sindhupalchok,"Central Hills",2012,1616.45,118.77,7.93
Sindhupalchok,"Central Hills",2013,1487.30,-129.15,-7.99
Sindhupalchok,"Central Hills",2014,1548.37,61.07,4.11
Sindhupalchok,"Central Hills",2015,1522.83,-25.54,-1.65
Sindhupalchok,"Central Hills",2016,1470.84,-51.99,-3.41
Sindhupalchok,"Central Hills",2017,1514.84,44.00,2.99
Sindhupalchok,"Central Hills",2018,1516.21,1.37,0.09
Sindhupalchok,"Central Hills",2019,1510.76,-5.45,-0.36
Sindhupalchok,"Central Hills",2020,1437.41,-73.35,-4.86
Sindhupalchok,"Central Hills",2021,1424.90,-12.51,-0.87
Sindhupalchok,"Central Hills",2022,1496.10,71.20,5.00
Sindhupalchok,"Central Hills",2023,1541.21,45.11,3.02
Siraha,"Eastern Terai",2005,1785.19,NULL,NULL
Siraha,"Eastern Terai",2006,1798.37,13.18,0.74
Siraha,"Eastern Terai",2007,1706.26,-92.11,-5.12
Siraha,"Eastern Terai",2008,1718.64,12.38,0.73
Siraha,"Eastern Terai",2009,1789.78,71.14,4.14
Siraha,"Eastern Terai",2010,1773.26,-16.52,-0.92
Siraha,"Eastern Terai",2011,1729.36,-43.90,-2.48
Siraha,"Eastern Terai",2012,1835.31,105.95,6.13
Siraha,"Eastern Terai",2013,1724.70,-110.61,-6.03
Siraha,"Eastern Terai",2014,1731.98,7.28,0.42
Siraha,"Eastern Terai",2015,1695.99,-35.99,-2.08
Siraha,"Eastern Terai",2016,1689.61,-6.38,-0.38
Siraha,"Eastern Terai",2017,1714.58,24.97,1.48
Siraha,"Eastern Terai",2018,1747.44,32.86,1.92
Siraha,"Eastern Terai",2019,1749.87,2.43,0.14
Siraha,"Eastern Terai",2020,1631.57,-118.30,-6.76
Siraha,"Eastern Terai",2021,1698.14,66.57,4.08
Siraha,"Eastern Terai",2022,1747.46,49.32,2.90
Siraha,"Eastern Terai",2023,1799.61,52.15,2.98
Solukhumbu,"Central Hills",2005,1727.25,NULL,NULL
Solukhumbu,"Central Hills",2006,1675.13,-52.12,-3.02
Solukhumbu,"Central Hills",2007,1601.93,-73.20,-4.37
Solukhumbu,"Central Hills",2008,1640.68,38.75,2.42
Solukhumbu,"Central Hills",2009,1669.87,29.19,1.78
Solukhumbu,"Central Hills",2010,1651.28,-18.59,-1.11
Solukhumbu,"Central Hills",2011,1614.41,-36.87,-2.23
Solukhumbu,"Central Hills",2012,1739.73,125.32,7.76
Solukhumbu,"Central Hills",2013,1621.32,-118.41,-6.81
Solukhumbu,"Central Hills",2014,1661.16,39.84,2.46
Solukhumbu,"Central Hills",2015,1668.55,7.39,0.44
Solukhumbu,"Central Hills",2016,1589.63,-78.92,-4.73
Solukhumbu,"Central Hills",2017,1619.77,30.14,1.90
Solukhumbu,"Central Hills",2018,1617.75,-2.02,-0.12
Solukhumbu,"Central Hills",2019,1666.41,48.66,3.01
Solukhumbu,"Central Hills",2020,1532.70,-133.71,-8.02
Solukhumbu,"Central Hills",2021,1548.31,15.61,1.02
Solukhumbu,"Central Hills",2022,1598.00,49.69,3.21
Solukhumbu,"Central Hills",2023,1657.68,59.68,3.73
Sunsari,"Eastern Terai",2005,1638.98,NULL,NULL
Sunsari,"Eastern Terai",2006,1644.80,5.82,0.36
Sunsari,"Eastern Terai",2007,1554.54,-90.26,-5.49
Sunsari,"Eastern Terai",2008,1573.87,19.33,1.24
Sunsari,"Eastern Terai",2009,1604.27,30.40,1.93
Sunsari,"Eastern Terai",2010,1594.88,-9.39,-0.59
Sunsari,"Eastern Terai",2011,1566.24,-28.64,-1.80
Sunsari,"Eastern Terai",2012,1661.78,95.54,6.10
Sunsari,"Eastern Terai",2013,1578.25,-83.53,-5.03
Sunsari,"Eastern Terai",2014,1594.04,15.79,1.00
Sunsari,"Eastern Terai",2015,1543.11,-50.93,-3.20
Sunsari,"Eastern Terai",2016,1542.39,-0.72,-0.05
Sunsari,"Eastern Terai",2017,1558.29,15.90,1.03
Sunsari,"Eastern Terai",2018,1541.11,-17.18,-1.10
Sunsari,"Eastern Terai",2019,1564.64,23.53,1.53
Sunsari,"Eastern Terai",2020,1476.45,-88.19,-5.64
Sunsari,"Eastern Terai",2021,1562.64,86.19,5.84
Sunsari,"Eastern Terai",2022,1573.22,10.58,0.68
Sunsari,"Eastern Terai",2023,1649.10,75.88,4.82
Surkhet,"Mid-West Hills",2005,1805.46,NULL,NULL
Surkhet,"Mid-West Hills",2006,1790.48,-14.98,-0.83
Surkhet,"Mid-West Hills",2007,1716.86,-73.62,-4.11
Surkhet,"Mid-West Hills",2008,1710.97,-5.89,-0.34
Surkhet,"Mid-West Hills",2009,1846.35,135.38,7.91
Surkhet,"Mid-West Hills",2010,1796.88,-49.47,-2.68
Surkhet,"Mid-West Hills",2011,1739.00,-57.88,-3.22
Surkhet,"Mid-West Hills",2012,1830.26,91.26,5.25
Surkhet,"Mid-West Hills",2013,1672.64,-157.62,-8.61
Surkhet,"Mid-West Hills",2014,1804.62,131.98,7.89
Surkhet,"Mid-West Hills",2015,1749.38,-55.24,-3.06
Surkhet,"Mid-West Hills",2016,1713.65,-35.73,-2.04
Surkhet,"Mid-West Hills",2017,1747.21,33.56,1.96
Surkhet,"Mid-West Hills",2018,1757.36,10.15,0.58
Surkhet,"Mid-West Hills",2019,1720.09,-37.27,-2.12
Surkhet,"Mid-West Hills",2020,1689.71,-30.38,-1.77
Surkhet,"Mid-West Hills",2021,1643.45,-46.26,-2.74
Surkhet,"Mid-West Hills",2022,1740.12,96.67,5.88
Surkhet,"Mid-West Hills",2023,1761.98,21.86,1.26
Syangja,"Western Hills",2005,1687.07,NULL,NULL
Syangja,"Western Hills",2006,1654.06,-33.01,-1.96
Syangja,"Western Hills",2007,1530.10,-123.96,-7.49
Syangja,"Western Hills",2008,1598.94,68.84,4.50
Syangja,"Western Hills",2009,1689.38,90.44,5.66
Syangja,"Western Hills",2010,1650.86,-38.52,-2.28
Syangja,"Western Hills",2011,1582.11,-68.75,-4.16
Syangja,"Western Hills",2012,1718.19,136.08,8.60
Syangja,"Western Hills",2013,1554.28,-163.91,-9.54
Syangja,"Western Hills",2014,1631.89,77.61,4.99
Syangja,"Western Hills",2015,1581.67,-50.22,-3.08
Syangja,"Western Hills",2016,1558.84,-22.83,-1.44
Syangja,"Western Hills",2017,1585.75,26.91,1.73
Syangja,"Western Hills",2018,1587.42,1.67,0.11
Syangja,"Western Hills",2019,1602.90,15.48,0.98
Syangja,"Western Hills",2020,1496.13,-106.77,-6.66
Syangja,"Western Hills",2021,1510.73,14.60,0.98
Syangja,"Western Hills",2022,1586.75,76.02,5.03
Syangja,"Western Hills",2023,1663.20,76.45,4.82
Tanahun,"Western Hills",2005,1696.49,NULL,NULL
Tanahun,"Western Hills",2006,1657.74,-38.75,-2.28
Tanahun,"Western Hills",2007,1547.11,-110.63,-6.67
Tanahun,"Western Hills",2008,1614.30,67.19,4.34
Tanahun,"Western Hills",2009,1691.45,77.15,4.78
Tanahun,"Western Hills",2010,1657.71,-33.74,-1.99
Tanahun,"Western Hills",2011,1588.17,-69.54,-4.19
Tanahun,"Western Hills",2012,1725.04,136.87,8.62
Tanahun,"Western Hills",2013,1563.25,-161.79,-9.38
Tanahun,"Western Hills",2014,1633.71,70.46,4.51
Tanahun,"Western Hills",2015,1608.49,-25.22,-1.54
Tanahun,"Western Hills",2016,1570.59,-37.90,-2.36
Tanahun,"Western Hills",2017,1599.61,29.02,1.85
Tanahun,"Western Hills",2018,1592.34,-7.27,-0.45
Tanahun,"Western Hills",2019,1619.70,27.36,1.72
Tanahun,"Western Hills",2020,1513.71,-105.99,-6.54
Tanahun,"Western Hills",2021,1509.79,-3.92,-0.26
Tanahun,"Western Hills",2022,1594.09,84.30,5.58
Tanahun,"Western Hills",2023,1673.67,79.58,4.99
Taplejung,"Eastern Hills",2005,1594.19,NULL,NULL
Taplejung,"Eastern Hills",2006,1578.07,-16.12,-1.01
Taplejung,"Eastern Hills",2007,1526.84,-51.23,-3.25
Taplejung,"Eastern Hills",2008,1520.70,-6.14,-0.40
Taplejung,"Eastern Hills",2009,1547.34,26.64,1.75
Taplejung,"Eastern Hills",2010,1528.61,-18.73,-1.21
Taplejung,"Eastern Hills",2011,1511.92,-16.69,-1.09
Taplejung,"Eastern Hills",2012,1587.08,75.16,4.97
Taplejung,"Eastern Hills",2013,1515.94,-71.14,-4.48
Taplejung,"Eastern Hills",2014,1539.51,23.57,1.55
Taplejung,"Eastern Hills",2015,1525.82,-13.69,-0.89
Taplejung,"Eastern Hills",2016,1502.26,-23.56,-1.54
Taplejung,"Eastern Hills",2017,1532.28,30.02,2.00
Taplejung,"Eastern Hills",2018,1467.92,-64.36,-4.20
Taplejung,"Eastern Hills",2019,1505.91,37.99,2.59
Taplejung,"Eastern Hills",2020,1422.72,-83.19,-5.52
Taplejung,"Eastern Hills",2021,1475.16,52.44,3.69
Taplejung,"Eastern Hills",2022,1521.55,46.39,3.14
Taplejung,"Eastern Hills",2023,1568.61,47.06,3.09
Terhathum,"Eastern Hills",2005,1614.57,NULL,NULL
Terhathum,"Eastern Hills",2006,1608.13,-6.44,-0.40
Terhathum,"Eastern Hills",2007,1530.69,-77.44,-4.82
Terhathum,"Eastern Hills",2008,1535.44,4.75,0.31
Terhathum,"Eastern Hills",2009,1558.15,22.71,1.48
Terhathum,"Eastern Hills",2010,1558.68,0.53,0.03
Terhathum,"Eastern Hills",2011,1530.12,-28.56,-1.83
Terhathum,"Eastern Hills",2012,1615.96,85.84,5.61
Terhathum,"Eastern Hills",2013,1538.79,-77.17,-4.78
Terhathum,"Eastern Hills",2014,1572.15,33.36,2.17
Terhathum,"Eastern Hills",2015,1535.38,-36.77,-2.34
Terhathum,"Eastern Hills",2016,1512.71,-22.67,-1.48
Terhathum,"Eastern Hills",2017,1548.14,35.43,2.34
Terhathum,"Eastern Hills",2018,1499.29,-48.85,-3.16
Terhathum,"Eastern Hills",2019,1532.51,33.22,2.22
Terhathum,"Eastern Hills",2020,1445.53,-86.98,-5.68
Terhathum,"Eastern Hills",2021,1516.51,70.98,4.91
Terhathum,"Eastern Hills",2022,1541.00,24.49,1.61
Terhathum,"Eastern Hills",2023,1606.21,65.21,4.23
Udayapur,"Eastern Hills",2005,1658.10,NULL,NULL
Udayapur,"Eastern Hills",2006,1660.15,2.05,0.12
Udayapur,"Eastern Hills",2007,1569.68,-90.47,-5.45
Udayapur,"Eastern Hills",2008,1595.32,25.64,1.63
Udayapur,"Eastern Hills",2009,1634.95,39.63,2.48
Udayapur,"Eastern Hills",2010,1620.27,-14.68,-0.90
Udayapur,"Eastern Hills",2011,1586.80,-33.47,-2.07
Udayapur,"Eastern Hills",2012,1691.23,104.43,6.58
Udayapur,"Eastern Hills",2013,1592.25,-98.98,-5.85
Udayapur,"Eastern Hills",2014,1598.97,6.72,0.42
Udayapur,"Eastern Hills",2015,1555.84,-43.13,-2.70
Udayapur,"Eastern Hills",2016,1556.81,0.97,0.06
Udayapur,"Eastern Hills",2017,1571.66,14.85,0.95
Udayapur,"Eastern Hills",2018,1574.01,2.35,0.15
Udayapur,"Eastern Hills",2019,1593.19,19.18,1.22
Udayapur,"Eastern Hills",2020,1493.35,-99.84,-6.27
Udayapur,"Eastern Hills",2021,1575.07,81.72,5.47
Udayapur,"Eastern Hills",2022,1594.47,19.40,1.23
Udayapur,"Eastern Hills",2023,1667.73,73.26,4.59
