district_name,year,ghi_annual,rolling_3yr_avg
Achham,2005,1651.19,1651.2
Achham,2006,1623.14,1637.2
Achham,2007,1558.15,1610.8
Achham,2008,1579.06,1586.8
Achham,2009,1693.24,1610.2
Achham,2010,1651.06,1641.1
Achham,2011,1570.68,1638.3
Achham,2012,1655.14,1625.6
Achham,2013,1546.92,1590.9
Achham,2014,1641.30,1614.5
Achham,2015,1615.10,1601.1
Achham,2016,1582.33,1612.9
Achham,2017,1587.98,1595.1
Achham,2018,1596.36,1588.9
Achham,2019,1593.70,1592.7
Achham,2020,1563.61,1584.6
Achham,2021,1537.73,1565.0
Achham,2022,1603.05,1568.1
Achham,2023,1600.80,1580.5
Arghakhanchi,2005,1728.57,1728.6
Arghakhanchi,2006,1700.26,1714.4
Arghakhanchi,2007,1602.21,1677.0
Arghakhanchi,2008,1632.65,1645.0
Arghakhanchi,2009,1733.34,1656.1
Arghakhanchi,2010,1689.60,1685.2
Arghakhanchi,2011,1644.26,1689.1
Arghakhanchi,2012,1750.08,1694.6
Arghakhanchi,2013,1583.99,1659.4
Arghakhanchi,2014,1665.27,1666.4
Arghakhanchi,2015,1642.95,1630.7
Arghakhanchi,2016,1601.91,1636.7
Arghakhanchi,2017,1620.92,1621.9
Arghakhanchi,2018,1647.62,1623.5
Arghakhanchi,2019,1640.56,1636.4
Arghakhanchi,2020,1551.84,1613.3
Arghakhanchi,2021,1546.69,1579.7
Arghakhanchi,2022,1639.31,1579.3
Arghakhanchi,2023,1708.47,1631.5
Baglung,2005,1685.56,1685.6
Baglung,2006,1659.53,1672.5
Baglung,2007,1554.67,1633.3
Baglung,2008,1597.31,1603.8
Baglung,2009,1700.22,1617.4
Baglung,2010,1648.46,1648.7
Baglung,2011,1563.06,1637.2
Baglung,2012,1705.21,1638.9
Baglung,2013,1547.11,1605.1
Baglung,2014,1638.95,1630.4
Baglung,2015,1599.12,1595.1
Baglung,2016,1539.07,1592.4
Baglung,2017,1590.89,1576.4
Baglung,2018,1567.59,1565.9
Baglung,2019,1590.77,1583.1
Baglung,2020,1499.44,1552.6
Baglung,2021,1480.45,1523.6
Baglung,2022,1579.59,1519.8
Baglung,2023,1628.19,1562.7
Baitadi,2005,1718.73,1718.7
Baitadi,2006,1718.35,1718.5
Baitadi,2007,1640.71,1692.6
Baitadi,2008,1639.15,1666.1
Baitadi,2009,1798.41,1692.8
Baitadi,2010,1741.06,1726.2
Baitadi,2011,1621.38,1720.3
Baitadi,2012,1736.80,1699.7
Baitadi,2013,1621.60,1659.9
Baitadi,2014,1722.14,1693.5
Baitadi,2015,1682.10,1675.3
Baitadi,2016,1645.63,1683.3
Baitadi,2017,1654.07,1660.6
Baitadi,2018,1651.74,1650.5
Baitadi,2019,1681.49,1662.4
Baitadi,2020,1647.11,1660.1
Baitadi,2021,1620.78,1649.8
Baitadi,2022,1663.05,1643.6
Baitadi,2023,1684.06,1656.0
Bajhang,2005,1518.86,1518.9
Bajhang,2006,1506.89,1512.9
Bajhang,2007,1465.85,1497.2
Bajhang,2008,1477.33,1483.4
Bajhang,2009,1576.61,1506.6
Bajhang,2010,1537.50,1530.5
Bajhang,2011,1457.91,1524.0
Bajhang,2012,1512.02,1502.5
Bajhang,2013,1463.97,1478.0
Bajhang,2014,1515.17,1497.1
Bajhang,2015,1524.23,1501.1
Bajhang,2016,1484.08,1507.8
Bajhang,2017,1463.29,1490.5
Bajhang,2018,1474.68,1474.0
Bajhang,2019,1484.50,1474.2
Bajhang,2020,1470.90,1476.7
Bajhang,2021,1438.48,1464.6
Bajhang,2022,1495.28,1468.2
Bajhang,2023,1479.09,1471.0
Bajura,2005,1697.02,1697.0
Bajura,2006,1677.10,1687.1
Bajura,2007,1635.23,1669.8
Bajura,2008,1645.82,1652.7
Bajura,2009,1747.99,1676.3
Bajura,2010,1705.63,1699.8
Bajura,2011,1630.71,1694.8
Bajura,2012,1694.22,1676.9
Bajura,2013,1623.82,1649.6
Bajura,2014,1715.17,1677.7
Bajura,2015,1700.32,1679.8
Bajura,2016,1645.09,1686.9
Bajura,2017,1636.84,1660.8
Bajura,2018,1656.01,1646.0
Bajura,2019,1652.15,1648.3
Bajura,2020,1642.30,1650.2
Bajura,2021,1580.29,1624.9
Bajura,2022,1667.92,1630.2
Bajura,2023,1635.15,1627.8
Banke,2005,1863.40,1863.4
Banke,2006,1868.70,1866.1
Banke,2007,1782.70,1838.3
Banke,2008,1769.62,1807.0
Banke,2009,1900.62,1817.6
Banke,2010,1828.98,1833.1
Banke,2011,1818.58,1849.4
Banke,2012,1891.84,1846.5
Banke,2013,1745.31,1818.6
Banke,2014,1856.99,1831.4
Banke,2015,1815.11,1805.8
Banke,2016,1786.75,1819.6
Banke,2017,1813.92,1805.3
Banke,2018,1840.25,1813.6
Banke,2019,1782.18,1812.1
Banke,2020,1739.29,1787.2
Banke,2021,1707.84,1743.1
Banke,2022,1816.13,1754.4
Banke,2023,1826.36,1783.4
Bara,2005,1850.28,1850.3
Bara,2006,1845.31,1847.8
Bara,2007,1748.53,1814.7
Bara,2008,1773.71,1789.2
Bara,2009,1861.12,1794.5
Bara,2010,1835.69,1823.5
Bara,2011,1778.80,1825.2
Bara,2012,1885.89,1833.5
Bara,2013,1779.36,1814.7
Bara,2014,1790.32,1818.5
Bara,2015,1791.85,1787.2
Bara,2016,1752.70,1778.3
Bara,2017,1771.57,1772.0
Bara,2018,1816.26,1780.2
Bara,2019,1794.61,1794.1
Bara,2020,1695.15,1768.7
Bara,2021,1717.78,1735.8
Bara,2022,1811.47,1741.5
Bara,2023,1848.03,1792.4
Bardiya,2005,1850.83,1850.8
Bardiya,2006,1851.28,1851.1
Bardiya,2007,1770.32,1824.1
Bardiya,2008,1756.48,1792.7
Bardiya,2009,1886.09,1804.3
Bardiya,2010,1821.02,1821.2
Bardiya,2011,1797.77,1835.0
Bardiya,2012,1872.19,1830.3
Bardiya,2013,1727.73,1799.2
Bardiya,2014,1845.89,1815.3
Bardiya,2015,1795.97,1789.9
Bardiya,2016,1770.20,1804.0
Bardiya,2017,1803.12,1789.8
Bardiya,2018,1814.79,1796.0
Bardiya,2019,1770.40,1796.1
Bardiya,2020,1737.86,1774.4
Bardiya,2021,1693.08,1733.8
Bardiya,2022,1792.42,1741.1
Bardiya,2023,1812.07,1765.9
Bhaktapur,2005,1722.89,1722.9
Bhaktapur,2006,1678.43,1700.7
Bhaktapur,2007,1584.33,1661.9
Bhaktapur,2008,1630.27,1631.0
Bhaktapur,2009,1707.39,1640.7
Bhaktapur,2010,1684.88,1674.2
Bhaktapur,2011,1623.79,1672.0
Bhaktapur,2012,1745.69,1684.8
Bhaktapur,2013,1606.46,1658.6
Bhaktapur,2014,1654.70,1669.0
Bhaktapur,2015,1629.20,1630.1
Bhaktapur,2016,1589.57,1624.5
Bhaktapur,2017,1629.70,1616.2
Bhaktapur,2018,1642.27,1620.5
Bhaktapur,2019,1626.13,1632.7
Bhaktapur,2020,1549.14,1605.8
Bhaktapur,2021,1551.91,1575.7
Bhaktapur,2022,1621.97,1574.3
Bhaktapur,2023,1686.59,1620.2
Bhojpur,2005,1644.05,1644.1
Bhojpur,2006,1623.46,1633.8
Bhojpur,2007,1536.70,1601.4
Bhojpur,2008,1567.62,1575.9
Bhojpur,2009,1590.13,1564.8
Bhojpur,2010,1582.46,1580.1
Bhojpur,2011,1553.54,1575.4
Bhojpur,2012,1650.56,1595.5
Bhojpur,2013,1561.90,1588.7
Bhojpur,2014,1582.79,1598.4
Bhojpur,2015,1540.84,1561.8
Bhojpur,2016,1526.27,1550.0
Bhojpur,2017,1546.61,1537.9
Bhojpur,2018,1516.13,1529.7
Bhojpur,2019,1550.32,1537.7
Bhojpur,2020,1458.06,1508.2
Bhojpur,2021,1535.55,1514.6
Bhojpur,2022,1551.61,1515.1
Bhojpur,2023,1628.52,1571.9
Chitwan,2005,1749.46,1749.5
Chitwan,2006,1718.88,1734.2
Chitwan,2007,1602.05,1690.1
Chitwan,2008,1660.81,1660.6
Chitwan,2009,1745.80,1669.6
Chitwan,2010,1713.41,1706.7
Chitwan,2011,1648.01,1702.4
Chitwan,2012,1783.33,1714.9
Chitwan,2013,1625.13,1685.5
Chitwan,2014,1679.89,1696.1
Chitwan,2015,1664.81,1656.6
Chitwan,2016,1627.92,1657.5
Chitwan,2017,1653.06,1648.6
Chitwan,2018,1665.39,1648.8
Chitwan,2019,1672.17,1663.5
Chitwan,2020,1568.71,1635.4
Chitwan,2021,1569.18,1603.4
Chitwan,2022,1661.88,1599.9
Chitwan,2023,1734.10,1655.1
Dadeldhura,2005,1717.37,1717.4
Dadeldhura,2006,1701.41,1709.4
Dadeldhura,2007,1627.39,1682.1
Dadeldhura,2008,1636.95,1655.3
Dadeldhura,2009,1775.90,1680.1
Dadeldhura,2010,1724.86,1712.6
Dadeldhura,2011,1632.44,1711.1
Dadeldhura,2012,1726.34,1694.5
Dadeldhura,2013,1617.08,1658.6
Dadeldhura,2014,1705.70,1683.0
Dadeldhura,2015,1674.64,1665.8
Dadeldhura,2016,1646.54,1675.6
Dadeldhura,2017,1653.33,1658.2
Dadeldhura,2018,1654.75,1651.5
Dadeldhura,2019,1664.04,1657.4
Dadeldhura,2020,1635.70,1651.5
Dadeldhura,2021,1611.80,1637.2
Dadeldhura,2022,1657.51,1635.0
Dadeldhura,2023,1679.61,1649.6
Dailekh,2005,1788.04,1788.0
Dailekh,2006,1769.50,1778.8
Dailekh,2007,1704.69,1754.1
Dailekh,2008,1707.15,1727.1
Dailekh,2009,1834.34,1748.7
Dailekh,2010,1788.81,1776.8
Dailekh,2011,1715.39,1779.5
Dailekh,2012,1804.70,1769.6
Dailekh,2013,1671.23,1730.4
Dailekh,2014,1795.07,1757.0
Dailekh,2015,1746.39,1737.6
Dailekh,2016,1708.01,1749.8
Dailekh,2017,1726.72,1727.0
Dailekh,2018,1743.94,1726.2
Dailekh,2019,1712.33,1727.7
Dailekh,2020,1689.97,1715.4
Dailekh,2021,1642.52,1681.6
Dailekh,2022,1733.56,1688.7
Dailekh,2023,1737.07,1704.4
Dang,2005,1854.75,1854.8
Dang,2006,1837.40,1846.1
Dang,2007,1747.16,1813.1
Dang,2008,1758.28,1780.9
Dang,2009,1880.37,1795.3
Dang,2010,1822.37,1820.3
Dang,2011,1787.27,1830.0
Dang,2012,1883.20,1830.9
Dang,2013,1711.33,1793.9
Dang,2014,1835.51,1810.0
Dang,2015,1784.42,1777.1
Dang,2016,1748.71,1789.5
Dang,2017,1775.11,1769.4
Dang,2018,1805.00,1776.3
Dang,2019,1765.58,1781.9
Dang,2020,1697.26,1755.9
Dang,2021,1676.36,1713.1
Dang,2022,1792.90,1722.2
Dang,2023,1812.07,1760.4
Darchula,2005,1704.09,1704.1
Darchula,2006,1696.94,1700.5
Darchula,2007,1645.40,1682.1
Darchula,2008,1639.53,1660.6
Darchula,2009,1778.75,1687.9
Darchula,2010,1730.99,1716.4
Darchula,2011,1620.96,1710.2
Darchula,2012,1710.21,1687.4
Darchula,2013,1634.06,1655.1
Darchula,2014,1703.64,1682.6
Darchula,2015,1697.11,1678.3
Darchula,2016,1653.34,1684.7
Darchula,2017,1635.74,1662.1
Darchula,2018,1648.09,1645.7
Darchula,2019,1671.27,1651.7
Darchula,2020,1658.82,1659.4
Darchula,2021,1622.91,1651.0
Darchula,2022,1667.45,1649.7
Darchula,2023,1661.48,1650.6
Dhading,2005,1703.69,1703.7
Dhading,2006,1657.67,1680.7
Dhading,2007,1561.13,1640.8
Dhading,2008,1618.30,1612.4
Dhading,2009,1690.26,1623.2
Dhading,2010,1663.83,1657.5
Dhading,2011,1601.07,1651.7
Dhading,2012,1722.84,1662.6
Dhading,2013,1574.47,1632.8
Dhading,2014,1637.00,1644.8
Dhading,2015,1620.56,1610.7
Dhading,2016,1575.36,1611.0
Dhading,2017,1614.58,1603.5
Dhading,2018,1606.28,1598.7
Dhading,2019,1615.24,1612.0
Dhading,2020,1527.61,1583.0
Dhading,2021,1513.34,1552.1
Dhading,2022,1598.63,1546.5
Dhading,2023,1669.87,1593.9
Dhankuta,2005,1621.99,1622.0
Dhankuta,2006,1608.75,1615.4
Dhankuta,2007,1530.54,1587.1
Dhankuta,2008,1545.07,1561.5
Dhankuta,2009,1569.93,1548.5
Dhankuta,2010,1567.45,1560.8
Dhankuta,2011,1537.80,1558.4
Dhankuta,2012,1627.17,1577.5
Dhankuta,2013,1544.95,1570.0
Dhankuta,2014,1573.83,1582.0
Dhankuta,2015,1534.75,1551.2
Dhankuta,2016,1517.11,1541.9
Dhankuta,2017,1544.23,1532.0
Dhankuta,2018,1504.25,1521.9
Dhankuta,2019,1536.67,1528.4
Dhankuta,2020,1448.64,1496.5
Dhankuta,2021,1522.19,1502.5
Dhankuta,2022,1543.03,1504.6
Dhankuta,2023,1611.33,1558.9
Dhanusha,2005,1796.77,1796.8
Dhanusha,2006,1795.34,1796.1
Dhanusha,2007,1706.47,1766.2
Dhanusha,2008,1723.79,1741.9
Dhanusha,2009,1790.86,1740.4
Dhanusha,2010,1775.92,1763.5
Dhanusha,2011,1723.82,1763.5
Dhanusha,2012,1837.27,1779.0
Dhanusha,2013,1722.12,1761.1
Dhanusha,2014,1731.64,1763.7
Dhanusha,2015,1712.36,1722.0
Dhanusha,2016,1695.18,1713.1
Dhanusha,2017,1717.02,1708.2
Dhanusha,2018,1745.38,1719.2
Dhanusha,2019,1752.29,1738.2
Dhanusha,2020,1636.52,1711.4
Dhanusha,2021,1692.54,1693.8
Dhanusha,2022,1748.11,1692.4
Dhanusha,2023,1805.48,1748.7
Dolakha,2005,1712.11,1712.1
Dolakha,2006,1660.38,1686.2
Dolakha,2007,1592.63,1655.0
Dolakha,2008,1625.01,1626.0
Dolakha,2009,1683.45,1633.7
Dolakha,2010,1668.60,1659.0
Dolakha,2011,1592.49,1648.2
Dolakha,2012,1748.77,1670.0
Dolakha,2013,1600.87,1647.4
Dolakha,2014,1656.49,1668.7
Dolakha,2015,1638.44,1631.9
Dolakha,2016,1578.29,1624.4
Dolakha,2017,1614.58,1610.4
Dolakha,2018,1618.64,1603.8
Dolakha,2019,1648.77,1627.3
Dolakha,2020,1539.79,1602.4
Dolakha,2021,1539.76,1576.1
Dolakha,2022,1593.85,1557.8
Dolakha,2023,1663.29,1599.0
Dolpa,2005,1881.12,1881.1
Dolpa,2006,1814.12,1847.6
Dolpa,2007,1808.05,1834.4
Dolpa,2008,1793.59,1805.3
Dolpa,2009,1877.37,1826.3
Dolpa,2010,1803.55,1824.8
Dolpa,2011,1794.06,1825.0
Dolpa,2012,1859.24,1819.0
Dolpa,2013,1787.45,1813.6
Dolpa,2014,1893.40,1846.7
Dolpa,2015,1876.45,1852.4
Dolpa,2016,1779.99,1849.9
Dolpa,2017,1808.54,1821.7
Dolpa,2018,1789.90,1792.8
Dolpa,2019,1822.68,1807.0
Dolpa,2020,1822.54,1811.7
Dolpa,2021,1727.04,1790.8
Dolpa,2022,1803.26,1784.3
Dolpa,2023,1809.13,1779.8
Doti,2005,1644.40,1644.4
Doti,2006,1628.71,1636.6
Doti,2007,1570.12,1614.4
Doti,2008,1590.67,1596.5
Doti,2009,1700.06,1620.3
Doti,2010,1660.53,1650.4
Doti,2011,1575.04,1645.2
Doti,2012,1646.18,1627.3
Doti,2013,1562.17,1594.5
Doti,2014,1639.98,1616.1
Doti,2015,1628.02,1610.1
Doti,2016,1596.85,1621.6
Doti,2017,1585.27,1603.4
Doti,2018,1598.94,1593.7
Doti,2019,1591.26,1591.8
Doti,2020,1573.82,1588.0
Doti,2021,1549.95,1571.7
Doti,2022,1606.05,1576.6
Doti,2023,1602.27,1586.1
Gorkha,2005,1654.68,1654.7
Gorkha,2006,1610.21,1632.4
Gorkha,2007,1513.22,1592.7
Gorkha,2008,1572.16,1565.2
Gorkha,2009,1645.40,1576.9
Gorkha,2010,1614.57,1610.7
Gorkha,2011,1552.15,1604.0
Gorkha,2012,1674.76,1613.8
Gorkha,2013,1525.43,1584.1
Gorkha,2014,1592.44,1597.5
Gorkha,2015,1574.30,1564.1
Gorkha,2016,1530.30,1565.7
Gorkha,2017,1563.80,1556.1
Gorkha,2018,1556.17,1550.1
Gorkha,2019,1577.64,1565.9
Gorkha,2020,1481.85,1538.6
Gorkha,2021,1468.92,1509.5
Gorkha,2022,1553.40,1501.4
Gorkha,2023,1626.05,1549.5
Gulmi,2005,1622.46,1622.5
Gulmi,2006,1592.71,1607.6
Gulmi,2007,1493.99,1569.7
Gulmi,2008,1535.62,1540.8
Gulmi,2009,1630.85,1553.5
Gulmi,2010,1583.94,1583.5
Gulmi,2011,1521.41,1578.7
Gulmi,2012,1644.39,1583.2
Gulmi,2013,1483.55,1549.8
Gulmi,2014,1569.31,1565.8
Gulmi,2015,1534.77,1529.2
Gulmi,2016,1491.29,1531.8
Gulmi,2017,1517.76,1514.6
Gulmi,2018,1521.61,1510.2
Gulmi,2019,1540.03,1526.5
Gulmi,2020,1439.92,1500.5
Gulmi,2021,1434.21,1471.4
Gulmi,2022,1526.75,1467.0
Gulmi,2023,1584.53,1515.2
Humla,2005,1756.56,1756.6
Humla,2006,1759.14,1757.9
Humla,2007,1742.28,1752.7
Humla,2008,1729.10,1743.5
Humla,2009,1821.90,1764.4
Humla,2010,1761.49,1770.8
Humla,2011,1731.09,1771.5
Humla,2012,1753.24,1748.6
Humla,2013,1731.14,1738.5
Humla,2014,1797.87,1760.8
Humla,2015,1814.46,1781.2
Humla,2016,1741.57,1784.6
Humla,2017,1716.05,1757.4
Humla,2018,1733.66,1730.4
Humla,2019,1735.97,1728.6
Humla,2020,1749.56,1739.7
Humla,2021,1675.77,1720.4
Humla,2022,1740.04,1721.8
Humla,2023,1729.91,1715.2
Ilam,2005,1604.30,1604.3
Ilam,2006,1627.54,1615.9
Ilam,2007,1536.38,1589.4
Ilam,2008,1537.31,1567.1
Ilam,2009,1556.52,1543.4
Ilam,2010,1553.62,1549.2
Ilam,2011,1534.94,1548.4
Ilam,2012,1616.23,1568.3
Ilam,2013,1553.67,1568.3
Ilam,2014,1577.56,1582.5
Ilam,2015,1529.25,1553.5
Ilam,2016,1517.35,1541.4
Ilam,2017,1548.52,1531.7
Ilam,2018,1514.45,1526.8
Ilam,2019,1535.81,1532.9
Ilam,2020,1460.41,1503.6
Ilam,2021,1540.53,1512.3
Ilam,2022,1547.25,1516.1
Ilam,2023,1621.38,1569.7
Jajarkot,2005,1776.91,1776.9
Jajarkot,2006,1757.11,1767.0
Jajarkot,2007,1682.70,1738.9
Jajarkot,2008,1692.08,1710.6
Jajarkot,2009,1821.37,1732.1
Jajarkot,2010,1764.90,1759.5
Jajarkot,2011,1704.16,1763.5
Jajarkot,2012,1807.71,1758.9
Jajarkot,2013,1642.13,1718.0
Jajarkot,2014,1782.30,1744.0
Jajarkot,2015,1718.29,1714.2
Jajarkot,2016,1682.50,1727.7
Jajarkot,2017,1708.66,1703.2
Jajarkot,2018,1720.15,1703.8
Jajarkot,2019,1689.01,1705.9
Jajarkot,2020,1656.17,1688.4
Jajarkot,2021,1617.44,1654.2
Jajarkot,2022,1714.30,1662.6
Jajarkot,2023,1720.12,1684.0
Jhapa,2005,1632.49,1632.5
Jhapa,2006,1679.02,1655.8
Jhapa,2007,1584.17,1631.9
Jhapa,2008,1585.01,1616.1
Jhapa,2009,1610.91,1593.4
Jhapa,2010,1590.66,1595.5
Jhapa,2011,1583.13,1594.9
Jhapa,2012,1663.38,1612.4
Jhapa,2013,1607.95,1618.2
Jhapa,2014,1624.72,1632.0
Jhapa,2015,1563.92,1598.9
Jhapa,2016,1568.82,1585.8
Jhapa,2017,1579.68,1570.8
Jhapa,2018,1576.70,1575.1
Jhapa,2019,1581.34,1579.2
Jhapa,2020,1514.14,1557.4
Jhapa,2021,1600.85,1565.4
Jhapa,2022,1587.10,1567.4
Jhapa,2023,1672.80,1620.3
Jumla,2005,1875.09,1875.1
Jumla,2006,1861.33,1868.2
Jumla,2007,1829.51,1855.3
Jumla,2008,1811.54,1834.1
Jumla,2009,1925.66,1855.6
Jumla,2010,1862.62,1866.6
Jumla,2011,1814.38,1867.6
Jumla,2012,1879.33,1852.1
Jumla,2013,1809.73,1834.5
Jumla,2014,1921.78,1870.3
Jumla,2015,1906.29,1879.3
Jumla,2016,1825.93,1884.7
Jumla,2017,1813.34,1848.5
Jumla,2018,1828.78,1822.7
Jumla,2019,1829.89,1824.0
Jumla,2020,1846.72,1835.1
Jumla,2021,1740.62,1805.7
Jumla,2022,1829.89,1805.7
Jumla,2023,1814.80,1795.1
Kailali,2005,1787.71,1787.7
Kailali,2006,1777.37,1782.5
Kailali,2007,1698.46,1754.5
Kailali,2008,1706.98,1727.6
Kailali,2009,1824.26,1743.2
Kailali,2010,1762.86,1764.7
Kailali,2011,1719.34,1768.8
Kailali,2012,1795.16,1759.1
Kailali,2013,1676.96,1730.5
Kailali,2014,1775.05,1749.1
Kailali,2015,1735.56,1729.2
Kailali,2016,1718.52,1743.0
Kailali,2017,1735.60,1729.9
Kailali,2018,1737.71,1730.6
Kailali,2019,1722.32,1731.9
Kailali,2020,1696.01,1718.7
Kailali,2021,1659.68,1692.7
Kailali,2022,1731.25,1695.6
Kailali,2023,1743.71,1711.5
Kalikot,2005,1733.63,1733.6
Kalikot,2006,1711.74,1722.7
Kalikot,2007,1655.71,1700.4
Kalikot,2008,1669.83,1679.1
Kalikot,2009,1782.07,1702.5
Kalikot,2010,1740.18,1730.7
Kalikot,2011,1658.50,1726.9
Kalikot,2012,1740.88,1713.2
Kalikot,2013,1637.16,1678.8
Kalikot,2014,1745.69,1707.9
Kalikot,2015,1707.71,1696.9
Kalikot,2016,1670.12,1707.8
Kalikot,2017,1670.30,1682.7
Kalikot,2018,1693.89,1678.1
Kalikot,2019,1670.48,1678.2
Kalikot,2020,1655.79,1673.4
Kalikot,2021,1609.05,1645.1
Kalikot,2022,1691.91,1652.3
Kalikot,2023,1677.31,1659.4
Kanchanpur,2005,1787.94,1787.9
Kanchanpur,2006,1777.80,1782.9
Kanchanpur,2007,1697.14,1754.3
Kanchanpur,2008,1701.65,1725.5
Kanchanpur,2009,1829.89,1742.9
Kanchanpur,2010,1762.61,1764.7
Kanchanpur,2011,1713.27,1768.6
Kanchanpur,2012,1796.77,1757.6
Kanchanpur,2013,1676.85,1729.0
Kanchanpur,2014,1780.18,1751.3
Kanchanpur,2015,1731.29,1729.4
Kanchanpur,2016,1709.09,1740.2
Kanchanpur,2017,1735.16,1725.2
Kanchanpur,2018,1729.17,1724.5
Kanchanpur,2019,1736.42,1733.6
Kanchanpur,2020,1700.75,1722.1
Kanchanpur,2021,1671.78,1703.0
Kanchanpur,2022,1723.74,1698.8
Kanchanpur,2023,1749.18,1714.9
Kapilvastu,2005,1836.58,1836.6
Kapilvastu,2006,1815.76,1826.2
Kapilvastu,2007,1712.11,1788.2
Kapilvastu,2008,1732.25,1753.4
Kapilvastu,2009,1845.72,1763.4
Kapilvastu,2010,1797.73,1791.9
Kapilvastu,2011,1762.01,1801.8
Kapilvastu,2012,1861.31,1807.0
Kapilvastu,2013,1695.02,1772.8
Kapilvastu,2014,1771.14,1775.8
Kapilvastu,2015,1758.95,1741.7
Kapilvastu,2016,1715.61,1748.6
Kapilvastu,2017,1741.11,1738.6
Kapilvastu,2018,1772.86,1743.2
Kapilvastu,2019,1747.53,1753.8
Kapilvastu,2020,1659.71,1726.7
Kapilvastu,2021,1657.96,1688.4
Kapilvastu,2022,1756.47,1691.4
Kapilvastu,2023,1822.17,1745.5
Kaski,2005,1685.88,1685.9
Kaski,2006,1650.19,1668.0
Kaski,2007,1540.25,1625.4
Kaski,2008,1603.45,1598.0
Kaski,2009,1690.53,1611.4
Kaski,2010,1647.63,1647.2
Kaski,2011,1575.67,1637.9
Kaski,2012,1706.29,1643.2
Kaski,2013,1550.73,1610.9
Kaski,2014,1635.91,1631.0
Kaski,2015,1596.78,1594.5
Kaski,2016,1551.60,1594.8
Kaski,2017,1594.03,1580.8
Kaski,2018,1571.31,1572.3
Kaski,2019,1597.98,1587.8
Kaski,2020,1496.29,1555.2
Kaski,2021,1492.16,1528.8
Kaski,2022,1576.20,1521.6
Kaski,2023,1645.36,1571.2
Kathmandu,2005,1722.78,1722.8
Kathmandu,2006,1678.34,1700.6
Kathmandu,2007,1584.21,1661.8
Kathmandu,2008,1630.22,1630.9
Kathmandu,2009,1707.31,1640.6
Kathmandu,2010,1684.80,1674.1
Kathmandu,2011,1623.69,1671.9
Kathmandu,2012,1745.59,1684.7
Kathmandu,2013,1606.34,1658.5
Kathmandu,2014,1654.66,1668.9
Kathmandu,2015,1629.11,1630.0
Kathmandu,2016,1589.46,1624.4
Kathmandu,2017,1629.54,1616.0
Kathmandu,2018,1642.16,1620.4
Kathmandu,2019,1626.05,1632.6
Kathmandu,2020,1549.11,1605.8
Kathmandu,2021,1551.81,1575.7
Kathmandu,2022,1621.91,1574.3
Kathmandu,2023,1686.46,1620.1
Kavrepalanchok,2005,1656.78,1656.8
Kavrepalanchok,2006,1611.22,1634.0
Kavrepalanchok,2007,1531.63,1599.9
Kavrepalanchok,2008,1569.40,1570.8
Kavrepalanchok,2009,1642.73,1581.3
Kavrepalanchok,2010,1622.76,1611.6
Kavrepalanchok,2011,1555.44,1607.0
Kavrepalanchok,2012,1684.72,1621.0
Kavrepalanchok,2013,1548.26,1596.1
Kavrepalanchok,2014,1600.43,1611.1
Kavrepalanchok,2015,1576.14,1574.9
Kavrepalanchok,2016,1527.96,1568.2
Kavrepalanchok,2017,1567.98,1557.4
Kavrepalanchok,2018,1578.46,1558.1
Kavrepalanchok,2019,1575.66,1574.0
Kavrepalanchok,2020,1493.90,1549.3
Kavrepalanchok,2021,1492.64,1520.7
Kavrepalanchok,2022,1554.47,1513.7
Kavrepalanchok,2023,1619.28,1555.5
Khotang,2005,1602.45,1602.5
Khotang,2006,1578.10,1590.3
Khotang,2007,1489.97,1556.8
Khotang,2008,1529.01,1532.4
Khotang,2009,1553.21,1524.1
Khotang,2010,1538.73,1540.3
Khotang,2011,1512.54,1534.8
Khotang,2012,1611.90,1554.4
Khotang,2013,1519.86,1548.1
Khotang,2014,1532.04,1554.6
Khotang,2015,1493.45,1515.1
Khotang,2016,1477.18,1500.9
Khotang,2017,1496.16,1488.9
Khotang,2018,1476.93,1483.4
Khotang,2019,1510.78,1494.6
Khotang,2020,1417.36,1468.4
Khotang,2021,1490.41,1472.9
Khotang,2022,1507.28,1471.7
Khotang,2023,1584.07,1527.3
Lalitpur,2005,1722.26,1722.3
Lalitpur,2006,1677.84,1700.1
Lalitpur,2007,1583.97,1661.4
Lalitpur,2008,1629.69,1630.5
Lalitpur,2009,1706.78,1640.1
Lalitpur,2010,1684.33,1673.6
Lalitpur,2011,1622.98,1671.4
Lalitpur,2012,1745.05,1684.1
Lalitpur,2013,1605.88,1658.0
Lalitpur,2014,1654.01,1668.3
Lalitpur,2015,1628.57,1629.5
Lalitpur,2016,1589.10,1623.9
Lalitpur,2017,1628.96,1615.5
Lalitpur,2018,1641.67,1619.9
Lalitpur,2019,1625.51,1632.0
Lalitpur,2020,1548.57,1605.3
Lalitpur,2021,1551.27,1575.1
Lalitpur,2022,1621.57,1573.8
Lalitpur,2023,1685.98,1619.6
Lamjung,2005,1679.77,1679.8
Lamjung,2006,1641.03,1660.4
Lamjung,2007,1540.96,1620.6
Lamjung,2008,1601.64,1594.5
Lamjung,2009,1681.29,1608.0
Lamjung,2010,1642.00,1641.6
Lamjung,2011,1574.85,1632.7
Lamjung,2012,1695.67,1637.5
Lamjung,2013,1548.29,1606.3
Lamjung,2014,1630.10,1624.7
Lamjung,2015,1601.68,1593.4
Lamjung,2016,1554.33,1595.4
Lamjung,2017,1594.53,1583.5
Lamjung,2018,1568.90,1572.6
Lamjung,2019,1596.32,1586.6
Lamjung,2020,1496.88,1554.0
Lamjung,2021,1485.16,1526.1
Lamjung,2022,1571.54,1517.9
Lamjung,2023,1638.21,1565.0
Mahottari,2005,1821.97,1822.0
Mahottari,2006,1820.70,1821.3
Mahottari,2007,1729.69,1790.8
Mahottari,2008,1751.68,1767.4
Mahottari,2009,1825.43,1768.9
Mahottari,2010,1806.54,1794.6
Mahottari,2011,1749.65,1793.9
Mahottari,2012,1861.95,1806.0
Mahottari,2013,1750.62,1787.4
Mahottari,2014,1760.14,1790.9
Mahottari,2015,1747.12,1752.6
Mahottari,2016,1723.44,1743.6
Mahottari,2017,1743.44,1738.0
Mahottari,2018,1778.43,1748.4
Mahottari,2019,1778.38,1766.8
Mahottari,2020,1666.48,1741.1
Mahottari,2021,1709.27,1718.0
Mahottari,2022,1777.51,1717.8
Mahottari,2023,1829.95,1772.2
Makwanpur,2005,1780.99,1781.0
Makwanpur,2006,1756.77,1768.9
Makwanpur,2007,1655.41,1731.1
Makwanpur,2008,1697.28,1703.2
Makwanpur,2009,1778.81,1710.5
Makwanpur,2010,1752.44,1742.8
Makwanpur,2011,1688.07,1739.8
Makwanpur,2012,1811.11,1750.5
Makwanpur,2013,1680.12,1726.4
Makwanpur,2014,1712.01,1734.4
Makwanpur,2015,1704.05,1698.7
Makwanpur,2016,1664.76,1693.6
Makwanpur,2017,1690.93,1686.6
Makwanpur,2018,1716.93,1690.9
Makwanpur,2019,1704.59,1704.2
Makwanpur,2020,1615.67,1679.1
Makwanpur,2021,1624.53,1648.3
Makwanpur,2022,1707.51,1649.2
Makwanpur,2023,1767.06,1699.7
Manang,2005,1868.01,1868.0
Manang,2006,1814.80,1841.4
Manang,2007,1741.57,1808.1
Manang,2008,1783.96,1780.1
Manang,2009,1858.45,1794.7
Manang,2010,1793.26,1811.9
Manang,2011,1772.06,1807.9
Manang,2012,1866.15,1810.5
Manang,2013,1745.95,1794.7
Manang,2014,1842.16,1818.1
Manang,2015,1825.34,1804.5
Manang,2016,1737.42,1801.6
Manang,2017,1786.46,1783.1
Manang,2018,1783.59,1769.2
Manang,2019,1782.89,1784.3
Manang,2020,1718.96,1761.8
Manang,2021,1668.51,1723.5
Manang,2022,1741.56,1709.7
Manang,2023,1807.94,1739.3
Morang,2005,1669.54,1669.5
Morang,2006,1704.02,1686.8
Morang,2007,1615.38,1663.0
Morang,2008,1619.13,1646.2
Morang,2009,1653.18,1629.2
Morang,2010,1637.50,1636.6
Morang,2011,1615.47,1635.4
Morang,2012,1706.02,1653.0
Morang,2013,1633.63,1651.7
Morang,2014,1653.23,1664.3
Morang,2015,1594.07,1627.0
Morang,2016,1603.75,1617.0
Morang,2017,1611.09,1603.0
Morang,2018,1613.12,1609.3
Morang,2019,1619.66,1614.6
Morang,2020,1537.03,1589.9
Morang,2021,1627.29,1594.7
Morang,2022,1627.33,1597.2
Morang,2023,1703.22,1652.6
Mugu,2005,1730.43,1730.4
Mugu,2006,1714.95,1722.7
Mugu,2007,1678.65,1708.0
Mugu,2008,1676.26,1690.0
Mugu,2009,1774.26,1709.7
Mugu,2010,1679.53,1710.0
Mugu,2011,1671.57,1708.5
Mugu,2012,1727.04,1692.7
Mugu,2013,1671.71,1690.1
Mugu,2014,1772.54,1723.8
Mugu,2015,1755.48,1733.2
Mugu,2016,1677.01,1735.0
Mugu,2017,1675.52,1702.7
Mugu,2018,1677.92,1676.8
Mugu,2019,1706.24,1686.6
Mugu,2020,1722.93,1702.4
Mugu,2021,1644.97,1691.4
Mugu,2022,1666.64,1678.2
Mugu,2023,1702.98,1671.5
Mustang,2005,2075.09,2075.1
Mustang,2006,2020.02,2047.6
Mustang,2007,1965.49,2020.2
Mustang,2008,1982.03,1989.2
Mustang,2009,2075.57,2007.7
Mustang,2010,2004.43,2020.7
Mustang,2011,1980.23,2020.1
Mustang,2012,2058.25,2014.3
Mustang,2013,1962.24,2000.2
Mustang,2014,2061.37,2027.3
Mustang,2015,2056.84,2026.8
Mustang,2016,1945.24,2021.2
Mustang,2017,1990.23,1997.4
Mustang,2018,1969.10,1968.2
Mustang,2019,2010.30,1989.9
Mustang,2020,1963.14,1980.8
Mustang,2021,1903.43,1959.0
Mustang,2022,1966.86,1944.5
Mustang,2023,2007.31,1959.2
Myagdi,2005,1543.52,1543.5
Myagdi,2006,1527.32,1535.4
Myagdi,2007,1432.43,1501.1
Myagdi,2008,1470.35,1476.7
Myagdi,2009,1558.87,1487.2
Myagdi,2010,1510.03,1513.1
Myagdi,2011,1439.29,1502.7
Myagdi,2012,1561.57,1503.6
Myagdi,2013,1425.17,1475.3
Myagdi,2014,1506.69,1497.8
Myagdi,2015,1471.84,1467.9
Myagdi,2016,1422.93,1467.2
Myagdi,2017,1462.58,1452.5
Myagdi,2018,1445.18,1443.6
Myagdi,2019,1464.15,1457.3
Myagdi,2020,1381.55,1430.3
Myagdi,2021,1364.97,1403.6
Myagdi,2022,1454.47,1400.3
Myagdi,2023,1496.20,1438.5
Nawalpur,2005,1751.60,1751.6
Nawalpur,2006,1723.85,1737.7
Nawalpur,2007,1599.58,1691.7
Nawalpur,2008,1660.77,1661.4
Nawalpur,2009,1752.48,1670.9
Nawalpur,2010,1716.27,1709.8
Nawalpur,2011,1652.91,1707.2
Nawalpur,2012,1787.63,1718.9
Nawalpur,2013,1626.97,1689.2
Nawalpur,2014,1686.42,1700.3
Nawalpur,2015,1658.26,1657.2
Nawalpur,2016,1630.55,1658.4
Nawalpur,2017,1653.53,1647.4
Nawalpur,2018,1670.32,1651.5
Nawalpur,2019,1671.82,1665.2
Nawalpur,2020,1565.99,1636.0
Nawalpur,2021,1575.96,1604.6
Nawalpur,2022,1665.01,1602.3
Nawalpur,2023,1735.78,1658.9
Nuwakot,2005,1712.21,1712.2
Nuwakot,2006,1662.30,1687.3
Nuwakot,2007,1570.42,1648.3
Nuwakot,2008,1622.05,1618.3
Nuwakot,2009,1694.74,1629.1
Nuwakot,2010,1672.06,1663.0
Nuwakot,2011,1612.15,1659.7
Nuwakot,2012,1728.41,1670.9
Nuwakot,2013,1584.49,1641.7
Nuwakot,2014,1645.44,1652.8
Nuwakot,2015,1624.22,1618.1
Nuwakot,2016,1579.36,1616.3
Nuwakot,2017,1624.58,1609.4
Nuwakot,2018,1619.32,1607.8
Nuwakot,2019,1611.56,1618.5
Nuwakot,2020,1535.13,1588.7
Nuwakot,2021,1522.91,1556.5
Nuwakot,2022,1604.22,1554.1
Nuwakot,2023,1669.36,1598.8
Okhaldhunga,2005,1605.99,1606.0
Okhaldhunga,2006,1564.25,1585.1
Okhaldhunga,2007,1486.57,1552.3
Okhaldhunga,2008,1526.82,1525.9
Okhaldhunga,2009,1556.55,1523.3
Okhaldhunga,2010,1541.65,1541.7
Okhaldhunga,2011,1504.76,1534.3
Okhaldhunga,2012,1616.92,1554.4
Okhaldhunga,2013,1510.79,1544.2
Okhaldhunga,2014,1533.51,1553.7
Okhaldhunga,2015,1512.43,1518.9
Okhaldhunga,2016,1480.48,1508.8
Okhaldhunga,2017,1498.19,1497.0
Okhaldhunga,2018,1494.04,1490.9
Okhaldhunga,2019,1524.77,1505.7
Okhaldhunga,2020,1416.94,1478.6
Okhaldhunga,2021,1470.28,1470.7
Okhaldhunga,2022,1498.70,1462.0
Okhaldhunga,2023,1570.02,1513.0
Palpa,2005,1739.87,1739.9
Palpa,2006,1707.04,1723.5
Palpa,2007,1586.30,1677.7
Palpa,2008,1645.75,1646.4
Palpa,2009,1743.91,1658.7
Palpa,2010,1702.34,1697.3
Palpa,2011,1635.18,1693.8
Palpa,2012,1769.27,1702.3
Palpa,2013,1596.70,1667.1
Palpa,2014,1673.53,1679.8
Palpa,2015,1633.48,1634.6
Palpa,2016,1603.87,1637.0
Palpa,2017,1631.90,1623.1
Palpa,2018,1639.20,1625.0
Palpa,2019,1648.70,1639.9
Palpa,2020,1544.91,1610.9
Palpa,2021,1556.67,1583.4
Palpa,2022,1637.28,1579.6
Palpa,2023,1716.57,1636.8
Panchthar,2005,1553.95,1554.0
Panchthar,2006,1559.91,1556.9
Panchthar,2007,1479.14,1531.0
Panchthar,2008,1475.80,1505.0
Panchthar,2009,1489.42,1481.5
Panchthar,2010,1492.79,1486.0
Panchthar,2011,1473.08,1485.1
Panchthar,2012,1547.16,1504.3
Panchthar,2013,1483.90,1501.4
Panchthar,2014,1508.22,1513.1
Panchthar,2015,1479.06,1490.4
Panchthar,2016,1452.47,1479.9
Panchthar,2017,1498.56,1476.7
Panchthar,2018,1436.69,1462.6
Panchthar,2019,1471.96,1469.1
Panchthar,2020,1392.01,1433.6
Panchthar,2021,1458.23,1440.7
Panchthar,2022,1488.20,1446.1
Panchthar,2023,1545.12,1497.2
Parasi,2005,1786.63,1786.6
Parasi,2006,1762.14,1774.4
Parasi,2007,1640.37,1729.7
Parasi,2008,1689.19,1697.2
Parasi,2009,1793.32,1707.6
Parasi,2010,1749.76,1744.1
Parasi,2011,1697.98,1747.0
Parasi,2012,1819.70,1755.8
Parasi,2013,1654.17,1724.0
Parasi,2014,1721.82,1731.9
Parasi,2015,1691.57,1689.2
Parasi,2016,1663.88,1692.4
Parasi,2017,1687.54,1681.0
Parasi,2018,1712.13,1687.9
Parasi,2019,1701.16,1700.3
Parasi,2020,1599.97,1671.1
Parasi,2021,1612.38,1637.8
Parasi,2022,1700.69,1637.7
Parasi,2023,1771.45,1694.8
Parbat,2005,1594.62,1594.6
Parbat,2006,1566.91,1580.8
Parbat,2007,1470.50,1544.0
Parbat,2008,1509.13,1515.5
Parbat,2009,1607.30,1529.0
Parbat,2010,1557.31,1557.9
Parbat,2011,1478.19,1547.6
Parbat,2012,1609.66,1548.4
Parbat,2013,1465.22,1517.7
Parbat,2014,1551.11,1542.0
Parbat,2015,1514.20,1510.2
Parbat,2016,1458.26,1507.9
Parbat,2017,1503.02,1491.8
Parbat,2018,1480.99,1480.8
Parbat,2019,1510.77,1498.3
Parbat,2020,1417.72,1469.8
Parbat,2021,1400.63,1443.0
Parbat,2022,1497.33,1438.6
Parbat,2023,1536.94,1478.3
Parsa,2005,1833.27,1833.3
Parsa,2006,1822.64,1828.0
Parsa,2007,1717.71,1791.2
Parsa,2008,1748.99,1763.1
Parsa,2009,1840.29,1769.0
Parsa,2010,1811.43,1800.2
Parsa,2011,1752.26,1801.3
Parsa,2012,1866.58,1810.1
Parsa,2013,1746.82,1788.6
Parsa,2014,1767.27,1793.6
Parsa,2015,1773.59,1762.6
Parsa,2016,1729.09,1756.7
Parsa,2017,1749.39,1750.7
Parsa,2018,1790.33,1756.3
Parsa,2019,1763.39,1767.7
Parsa,2020,1671.94,1741.9
Parsa,2021,1683.93,1706.4
Parsa,2022,1783.64,1713.2
Parsa,2023,1824.68,1764.1
Pyuthan,2005,1738.23,1738.2
Pyuthan,2006,1712.48,1725.4
Pyuthan,2007,1619.06,1689.9
Pyuthan,2008,1641.54,1657.7
Pyuthan,2009,1751.82,1670.8
Pyuthan,2010,1704.01,1699.1
Pyuthan,2011,1644.61,1700.1
Pyuthan,2012,1759.33,1702.7
Pyuthan,2013,1593.58,1665.8
Pyuthan,2014,1688.07,1680.3
Pyuthan,2015,1652.47,1644.7
Pyuthan,2016,1612.37,1651.0
Pyuthan,2017,1640.10,1635.0
Pyuthan,2018,1655.14,1635.9
Pyuthan,2019,1649.32,1648.2
Pyuthan,2020,1564.38,1622.9
Pyuthan,2021,1549.69,1587.8
Pyuthan,2022,1654.64,1589.6
Pyuthan,2023,1693.58,1632.6
Ramechhap,2005,1689.46,1689.5
Ramechhap,2006,1654.71,1672.1
Ramechhap,2007,1576.72,1640.3
Ramechhap,2008,1606.06,1612.5
Ramechhap,2009,1660.85,1614.5
Ramechhap,2010,1647.45,1638.1
Ramechhap,2011,1583.74,1630.7
Ramechhap,2012,1722.47,1651.2
Ramechhap,2013,1586.35,1630.9
Ramechhap,2014,1622.84,1643.9
Ramechhap,2015,1600.49,1603.2
Ramechhap,2016,1565.01,1596.1
Ramechhap,2017,1590.96,1585.5
Ramechhap,2018,1597.24,1584.4
Ramechhap,2019,1620.92,1603.0
Ramechhap,2020,1515.35,1577.8
Ramechhap,2021,1550.46,1562.2
Ramechhap,2022,1591.97,1552.6
Ramechhap,2023,1667.20,1603.2
Rasuwa,2005,1781.05,1781.1
Rasuwa,2006,1734.31,1757.7
Rasuwa,2007,1667.89,1727.8
Rasuwa,2008,1706.72,1703.0
Rasuwa,2009,1770.68,1715.1
Rasuwa,2010,1745.25,1740.9
Rasuwa,2011,1693.74,1736.6
Rasuwa,2012,1788.04,1742.3
Rasuwa,2013,1668.23,1716.7
Rasuwa,2014,1733.82,1730.0
Rasuwa,2015,1719.13,1707.1
Rasuwa,2016,1666.75,1706.6
Rasuwa,2017,1715.91,1700.6
Rasuwa,2018,1695.00,1692.6
Rasuwa,2019,1690.19,1700.4
Rasuwa,2020,1622.58,1669.3
Rasuwa,2021,1595.71,1636.2
Rasuwa,2022,1683.49,1633.9
Rasuwa,2023,1726.83,1668.7
Rautahat,2005,1839.52,1839.5
Rautahat,2006,1836.80,1838.2
Rautahat,2007,1743.77,1806.7
Rautahat,2008,1769.79,1783.5
Rautahat,2009,1848.71,1787.4
Rautahat,2010,1826.76,1815.1
Rautahat,2011,1767.49,1814.3
Rautahat,2012,1876.88,1823.7
Rautahat,2013,1770.44,1804.9
Rautahat,2014,1780.18,1809.2
Rautahat,2015,1774.54,1775.1
Rautahat,2016,1743.21,1766.0
Rautahat,2017,1761.25,1759.7
Rautahat,2018,1800.80,1768.4
Rautahat,2019,1792.36,1784.8
Rautahat,2020,1686.07,1759.7
Rautahat,2021,1716.94,1731.8
Rautahat,2022,1797.85,1733.6
Rautahat,2023,1844.21,1786.3
Rolpa,2005,1662.37,1662.4
Rolpa,2006,1637.86,1650.1
Rolpa,2007,1558.12,1619.5
Rolpa,2008,1571.31,1589.1
Rolpa,2009,1677.60,1602.3
Rolpa,2010,1631.12,1626.7
Rolpa,2011,1587.53,1632.1
Rolpa,2012,1678.65,1632.4
Rolpa,2013,1530.01,1598.7
Rolpa,2014,1627.90,1612.2
Rolpa,2015,1591.03,1583.0
Rolpa,2016,1554.89,1591.3
Rolpa,2017,1579.36,1575.1
Rolpa,2018,1598.22,1577.5
Rolpa,2019,1582.39,1586.7
Rolpa,2020,1509.98,1563.5
Rolpa,2021,1495.93,1529.4
Rolpa,2022,1591.43,1532.4
Rolpa,2023,1620.28,1569.2
Rukum_East,2005,1687.61,1687.6
Rukum_East,2006,1659.15,1673.4
Rukum_East,2007,1589.15,1645.3
Rukum_East,2008,1606.99,1618.4
Rukum_East,2009,1722.62,1639.6
Rukum_East,2010,1662.40,1664.0
Rukum_East,2011,1595.96,1660.3
Rukum_East,2012,1710.85,1656.4
Rukum_East,2013,1558.19,1621.7
Rukum_East,2014,1682.23,1650.4
Rukum_East,2015,1621.40,1620.6
Rukum_East,2016,1588.47,1630.7
Rukum_East,2017,1611.71,1607.2
Rukum_East,2018,1611.68,1604.0
Rukum_East,2019,1610.67,1611.4
Rukum_East,2020,1554.81,1592.4
Rukum_East,2021,1520.14,1561.9
Rukum_East,2022,1622.19,1565.7
Rukum_East,2023,1611.69,1584.7
Rukum_West,2005,1685.23,1685.2
Rukum_West,2006,1677.82,1681.5
Rukum_West,2007,1624.90,1662.7
Rukum_West,2008,1619.00,1640.6
Rukum_West,2009,1736.33,1660.1
Rukum_West,2010,1672.63,1676.0
Rukum_West,2011,1622.55,1677.2
Rukum_West,2012,1707.55,1667.6
Rukum_West,2013,1584.91,1638.3
Rukum_West,2014,1709.87,1667.4
Rukum_West,2015,1663.32,1652.7
Rukum_West,2016,1624.79,1666.0
Rukum_West,2017,1631.85,1640.0
Rukum_West,2018,1637.91,1631.5
Rukum_West,2019,1626.32,1632.0
Rukum_West,2020,1602.84,1622.4
Rukum_West,2021,1546.64,1591.9
Rukum_West,2022,1635.26,1594.9
Rukum_West,2023,1628.42,1603.4
Rupandehi,2005,1813.71,1813.7
Rupandehi,2006,1790.20,1802.0
Rupandehi,2007,1677.92,1760.6
Rupandehi,2008,1711.89,1726.7
Rupandehi,2009,1821.32,1737.0
Rupandehi,2010,1775.63,1769.6
Rupandehi,2011,1731.03,1776.0
Rupandehi,2012,1842.30,1783.0
Rupandehi,2013,1674.75,1749.4
Rupandehi,2014,1744.38,1753.8
Rupandehi,2015,1726.23,1715.1
Rupandehi,2016,1688.93,1719.8
Rupandehi,2017,1713.47,1709.5
Rupandehi,2018,1742.94,1715.1
Rupandehi,2019,1725.57,1727.3
Rupandehi,2020,1630.61,1699.7
Rupandehi,2021,1635.62,1663.9
Rupandehi,2022,1729.20,1665.1
Rupandehi,2023,1799.71,1721.5
Salyan,2005,1690.11,1690.1
Salyan,2006,1668.53,1679.3
Salyan,2007,1593.40,1650.7
Salyan,2008,1603.59,1621.8
Salyan,2009,1724.71,1640.6
Salyan,2010,1670.07,1666.1
Salyan,2011,1624.27,1673.0
Salyan,2012,1717.96,1670.8
Salyan,2013,1556.18,1632.8
Salyan,2014,1686.71,1653.6
Salyan,2015,1630.06,1624.3
Salyan,2016,1595.39,1637.4
Salyan,2017,1621.85,1615.8
Salyan,2018,1637.67,1618.3
Salyan,2019,1612.90,1624.1
Salyan,2020,1559.45,1603.3
Salyan,2021,1533.46,1568.6
Salyan,2022,1632.29,1575.1
Salyan,2023,1642.27,1602.7
Sankhuwasabha,2005,1685.42,1685.4
Sankhuwasabha,2006,1655.11,1670.3
Sankhuwasabha,2007,1586.44,1642.3
Sankhuwasabha,2008,1608.21,1616.6
Sankhuwasabha,2009,1633.05,1609.2
Sankhuwasabha,2010,1620.91,1620.7
Sankhuwasabha,2011,1592.37,1615.4
Sankhuwasabha,2012,1683.63,1632.3
Sankhuwasabha,2013,1595.06,1623.7
Sankhuwasabha,2014,1628.21,1635.6
Sankhuwasabha,2015,1605.35,1609.5
Sankhuwasabha,2016,1577.26,1603.6
Sankhuwasabha,2017,1606.46,1596.4
Sankhuwasabha,2018,1561.20,1581.6
Sankhuwasabha,2019,1592.39,1586.7
Sankhuwasabha,2020,1492.72,1548.8
Sankhuwasabha,2021,1554.28,1546.5
Sankhuwasabha,2022,1583.84,1543.6
Sankhuwasabha,2023,1652.26,1596.8
Saptari,2005,1713.15,1713.2
Saptari,2006,1739.20,1726.2
Saptari,2007,1645.50,1699.3
Saptari,2008,1658.94,1681.2
Saptari,2009,1713.89,1672.8
Saptari,2010,1696.14,1689.7
Saptari,2011,1661.26,1690.4
Saptari,2012,1763.61,1707.0
Saptari,2013,1665.58,1696.8
Saptari,2014,1670.69,1700.0
Saptari,2015,1622.05,1652.8
Saptari,2016,1631.07,1641.3
Saptari,2017,1647.43,1633.5
Saptari,2018,1664.28,1647.6
Saptari,2019,1671.12,1660.9
Saptari,2020,1564.69,1633.4
Saptari,2021,1649.68,1628.5
Saptari,2022,1673.51,1629.3
Saptari,2023,1739.74,1687.6
Sarlahi,2005,1794.25,1794.3
Sarlahi,2006,1782.38,1788.3
Sarlahi,2007,1692.27,1756.3
Sarlahi,2008,1720.64,1731.8
Sarlahi,2009,1791.59,1734.8
Sarlahi,2010,1770.59,1760.9
Sarlahi,2011,1707.06,1756.4
Sarlahi,2012,1831.30,1769.7
Sarlahi,2013,1710.30,1749.6
Sarlahi,2014,1728.47,1756.7
Sarlahi,2015,1715.48,1718.1
Sarlahi,2016,1688.48,1710.8
Sarlahi,2017,1708.70,1704.2
Sarlahi,2018,1735.70,1711.0
Sarlahi,2019,1741.51,1728.6
Sarlahi,2020,1635.69,1704.3
Sarlahi,2021,1670.88,1682.7
Sarlahi,2022,1733.51,1680.0
Sarlahi,2023,1796.90,1733.8
Sindhuli,2005,1702.29,1702.3
Sindhuli,2006,1688.58,1695.4
Sindhuli,2007,1605.90,1665.6
Sindhuli,2008,1631.03,1641.8
Sindhuli,2009,1690.31,1642.4
Sindhuli,2010,1673.05,1664.8
Sindhuli,2011,1618.42,1660.6
Sindhuli,2012,1738.73,1676.7
Sindhuli,2013,1615.81,1657.7
Sindhuli,2014,1640.01,1664.9
Sindhuli,2015,1620.55,1625.5
Sindhuli,2016,1601.36,1620.6
Sindhuli,2017,1616.49,1612.8
Sindhuli,2018,1641.28,1619.7
Sindhuli,2019,1655.15,1637.6
Sindhuli,2020,1545.89,1614.1
Sindhuli,2021,1589.76,1596.9
Sindhuli,2022,1640.42,1592.0
Sindhuli,2023,1705.66,1645.3
Sindhupalchok,2005,1595.86,1595.9
Sindhupalchok,2006,1542.06,1569.0
Sindhupalchok,2007,1477.98,1538.6
Sindhupalchok,2008,1511.98,1510.7
Sindhupalchok,2009,1582.31,1524.1
Sindhupalchok,2010,1564.02,1552.8
Sindhupalchok,2011,1497.68,1548.0
Sindhupalchok,2012,1616.45,1559.4
Sindhupalchok,2013,1487.30,1533.8
Sindhupalchok,2014,1548.37,1550.7
Sindhupalchok,2015,1522.83,1519.5
Sindhupalchok,2016,1470.84,1514.0
Sindhupalchok,2017,1514.84,1502.8
Sindhupalchok,2018,1516.21,1500.6
Sindhupalchok,2019,1510.76,1513.9
Sindhupalchok,2020,1437.41,1488.1
Sindhupalchok,2021,1424.90,1457.7
Sindhupalchok,2022,1496.10,1452.8
Sindhupalchok,2023,1541.21,1487.4
Siraha,2005,1785.19,1785.2
Siraha,2006,1798.37,1791.8
Siraha,2007,1706.26,1763.3
Siraha,2008,1718.64,1741.1
Siraha,2009,1789.78,1738.2
Siraha,2010,1773.26,1760.6
Siraha,2011,1729.36,1764.1
Siraha,2012,1835.31,1779.3
Siraha,2013,1724.70,1763.1
Siraha,2014,1731.98,1764.0
Siraha,2015,1695.99,1717.6
Siraha,2016,1689.61,1705.9
Siraha,2017,1714.58,1700.1
Siraha,2018,1747.44,1717.2
Siraha,2019,1749.87,1737.3
Siraha,2020,1631.57,1709.6
Siraha,2021,1698.14,1693.2
Siraha,2022,1747.46,1692.4
Siraha,2023,1799.61,1748.4
Solukhumbu,2005,1727.25,1727.3
Solukhumbu,2006,1675.13,1701.2
Solukhumbu,2007,1601.93,1668.1
Solukhumbu,2008,1640.68,1639.2
Solukhumbu,2009,1669.87,1637.5
Solukhumbu,2010,1651.28,1653.9
Solukhumbu,2011,1614.41,1645.2
Solukhumbu,2012,1739.73,1668.5
Solukhumbu,2013,1621.32,1658.5
Solukhumbu,2014,1661.16,1674.1
Solukhumbu,2015,1668.55,1650.3
Solukhumbu,2016,1589.63,1639.8
Solukhumbu,2017,1619.77,1626.0
Solukhumbu,2018,1617.75,1609.1
Solukhumbu,2019,1666.41,1634.6
Solukhumbu,2020,1532.70,1605.6
Solukhumbu,2021,1548.31,1582.5
Solukhumbu,2022,1598.00,1559.7
Solukhumbu,2023,1657.68,1601.3
Sunsari,2005,1638.98,1639.0
Sunsari,2006,1644.80,1641.9
Sunsari,2007,1554.54,1612.8
Sunsari,2008,1573.87,1591.1
Sunsari,2009,1604.27,1577.6
Sunsari,2010,1594.88,1591.0
Sunsari,2011,1566.24,1588.5
Sunsari,2012,1661.78,1607.6
Sunsari,2013,1578.25,1602.1
Sunsari,2014,1594.04,1611.4
Sunsari,2015,1543.11,1571.8
Sunsari,2016,1542.39,1559.8
Sunsari,2017,1558.29,1547.9
Sunsari,2018,1541.11,1547.3
Sunsari,2019,1564.64,1554.7
Sunsari,2020,1476.45,1527.4
Sunsari,2021,1562.64,1534.6
Sunsari,2022,1573.22,1537.4
Sunsari,2023,1649.10,1595.0
Surkhet,2005,1805.46,1805.5
Surkhet,2006,1790.48,1798.0
Surkhet,2007,1716.86,1770.9
Surkhet,2008,1710.97,1739.4
Surkhet,2009,1846.35,1758.1
Surkhet,2010,1796.88,1784.7
Surkhet,2011,1739.00,1794.1
Surkhet,2012,1830.26,1788.7
Surkhet,2013,1672.64,1747.3
Surkhet,2014,1804.62,1769.2
Surkhet,2015,1749.38,1742.2
Surkhet,2016,1713.65,1755.9
Surkhet,2017,1747.21,1736.7
Surkhet,2018,1757.36,1739.4
Surkhet,2019,1720.09,1741.6
Surkhet,2020,1689.71,1722.4
Surkhet,2021,1643.45,1684.4
Surkhet,2022,1740.12,1691.1
Surkhet,2023,1761.98,1715.2
Syangja,2005,1687.07,1687.1
Syangja,2006,1654.06,1670.6
Syangja,2007,1530.10,1623.7
Syangja,2008,1598.94,1594.4
Syangja,2009,1689.38,1606.1
Syangja,2010,1650.86,1646.4
Syangja,2011,1582.11,1640.8
Syangja,2012,1718.19,1650.4
Syangja,2013,1554.28,1618.2
Syangja,2014,1631.89,1634.8
Syangja,2015,1581.67,1589.3
Syangja,2016,1558.84,1590.8
Syangja,2017,1585.75,1575.4
Syangja,2018,1587.42,1577.3
Syangja,2019,1602.90,1592.0
Syangja,2020,1496.13,1562.2
Syangja,2021,1510.73,1536.6
Syangja,2022,1586.75,1531.2
Syangja,2023,1663.20,1586.9
Tanahun,2005,1696.49,1696.5
Tanahun,2006,1657.74,1677.1
Tanahun,2007,1547.11,1633.8
Tanahun,2008,1614.30,1606.4
Tanahun,2009,1691.45,1617.6
Tanahun,2010,1657.71,1654.5
Tanahun,2011,1588.17,1645.8
Tanahun,2012,1725.04,1657.0
Tanahun,2013,1563.25,1625.5
Tanahun,2014,1633.71,1640.7
Tanahun,2015,1608.49,1601.8
Tanahun,2016,1570.59,1604.3
Tanahun,2017,1599.61,1592.9
Tanahun,2018,1592.34,1587.5
Tanahun,2019,1619.70,1603.9
Tanahun,2020,1513.71,1575.3
Tanahun,2021,1509.79,1547.7
Tanahun,2022,1594.09,1539.2
Tanahun,2023,1673.67,1592.5
Taplejung,2005,1594.19,1594.2
Taplejung,2006,1578.07,1586.1
Taplejung,2007,1526.84,1566.4
Taplejung,2008,1520.70,1541.9
Taplejung,2009,1547.34,1531.6
Taplejung,2010,1528.61,1532.2
Taplejung,2011,1511.92,1529.3
Taplejung,2012,1587.08,1542.5
Taplejung,2013,1515.94,1538.3
Taplejung,2014,1539.51,1547.5
Taplejung,2015,1525.82,1527.1
Taplejung,2016,1502.26,1522.5
Taplejung,2017,1532.28,1520.1
Taplejung,2018,1467.92,1500.8
Taplejung,2019,1505.91,1502.0
Taplejung,2020,1422.72,1465.5
Taplejung,2021,1475.16,1467.9
Taplejung,2022,1521.55,1473.1
Taplejung,2023,1568.61,1521.8
Terhathum,2005,1614.57,1614.6
Terhathum,2006,1608.13,1611.4
Terhathum,2007,1530.69,1584.5
Terhathum,2008,1535.44,1558.1
Terhathum,2009,1558.15,1541.4
Terhathum,2010,1558.68,1550.8
Terhathum,2011,1530.12,1549.0
Terhathum,2012,1615.96,1568.3
Terhathum,2013,1538.79,1561.6
Terhathum,2014,1572.15,1575.6
Terhathum,2015,1535.38,1548.8
Terhathum,2016,1512.71,1540.1
Terhathum,2017,1548.14,1532.1
Terhathum,2018,1499.29,1520.0
Terhathum,2019,1532.51,1526.6
Terhathum,2020,1445.53,1492.4
Terhathum,2021,1516.51,1498.2
Terhathum,2022,1541.00,1501.0
Terhathum,2023,1606.21,1554.6
Udayapur,2005,1658.10,1658.1
Udayapur,2006,1660.15,1659.1
Udayapur,2007,1569.68,1629.3
Udayapur,2008,1595.32,1608.4
Udayapur,2009,1634.95,1600.0
Udayapur,2010,1620.27,1616.8
Udayapur,2011,1586.80,1614.0
Udayapur,2012,1691.23,1632.8
Udayapur,2013,1592.25,1623.4
Udayapur,2014,1598.97,1627.5
Udayapur,2015,1555.84,1582.4
Udayapur,2016,1556.81,1570.5
Udayapur,2017,1571.66,1561.4
Udayapur,2018,1574.01,1567.5
Udayapur,2019,1593.19,1579.6
Udayapur,2020,1493.35,1553.5
Udayapur,2021,1575.07,1553.9
Udayapur,2022,1594.47,1554.3
Udayapur,2023,1667.73,1612.4
