scenario_name,tariff,capex_per_mw,project_year,resource_case,dscr_value,status
"Scenario B - Grid",5.00,85000000,10,"Trough avg (2015-2021)",0.846,"DEFAULT RISK"
"Scenario B - Grid",5.10,85000000,10,"Trough avg (2015-2021)",0.866,"DEFAULT RISK"
"Scenario B - Grid",5.20,85000000,10,"Trough avg (2015-2021)",0.886,"DEFAULT RISK"
"Scenario B - Grid",5.00,80000000,10,"Trough avg (2015-2021)",0.899,"DEFAULT RISK"
"Scenario B - Grid",5.30,85000000,10,"Trough avg (2015-2021)",0.906,"DEFAULT RISK"
"Scenario A - Grid",6.50,95000000,10,"Trough avg (2015-2021)",0.912,"DEFAULT RISK"
"Scenario B - Grid",5.10,80000000,10,"Trough avg (2015-2021)",0.920,"DEFAULT RISK"
"Scenario B - Grid",5.40,85000000,10,"Trough avg (2015-2021)",0.926,"DEFAULT RISK"
"Scenario B",5.00,75000000,10,"Worst year (2020-2021 avg)",0.932,"DEFAULT RISK"
"Scenario B - Grid",5.20,80000000,10,"Trough avg (2015-2021)",0.941,"DEFAULT RISK"
"Scenario B - Grid",5.50,85000000,10,"Trough avg (2015-2021)",0.946,"DEFAULT RISK"
"Scenario B",5.00,75000000,5,"Worst year (2020-2021 avg)",0.955,"DEFAULT RISK"
"Scenario B",5.00,75000000,10,"Trough avg (2015-2021)",0.958,"DEFAULT RISK"
"Scenario B - Grid",5.00,75000000,10,"Trough avg (2015-2021)",0.958,"DEFAULT RISK"
"Scenario A - Grid",6.50,90000000,10,"Trough avg (2015-2021)",0.963,"DEFAULT RISK"
"Scenario B - Grid",5.30,80000000,10,"Trough avg (2015-2021)",0.963,"DEFAULT RISK"
"Scenario B - Grid",5.60,85000000,10,"Trough avg (2015-2021)",0.967,"DEFAULT RISK"
"Scenario B",5.00,75000000,1,"Worst year (2020-2021 avg)",0.975,"DEFAULT RISK"
"Scenario A - Grid",6.90,95000000,10,"Trough avg (2015-2021)",0.976,"DEFAULT RISK"
"Scenario B",5.00,75000000,10,"P50 (2005-2023 mean)",0.978,"DEFAULT RISK"
"Scenario B - Grid",5.10,75000000,10,"Trough avg (2015-2021)",0.981,"DEFAULT RISK"
"Scenario B",5.00,75000000,5,"Trough avg (2015-2021)",0.983,"DEFAULT RISK"
"Scenario B - Grid",5.40,80000000,10,"Trough avg (2015-2021)",0.984,"DEFAULT RISK"
"Scenario B - Grid",5.70,85000000,10,"Trough avg (2015-2021)",0.987,"DEFAULT RISK"
"Scenario B",5.28,75000000,10,"Worst year (2020-2021 avg)",0.994,"DEFAULT RISK"
"Scenario B",5.00,75000000,1,"Trough avg (2015-2021)",1.003,"Below covenant"
"Scenario B",5.00,75000000,5,"P50 (2005-2023 mean)",1.003,"Below covenant"
"Scenario B - Grid",5.20,75000000,10,"Trough avg (2015-2021)",1.004,"Below covenant"
"Scenario B - Grid",5.50,80000000,10,"Trough avg (2015-2021)",1.006,"Below covenant"
"Scenario B - Grid",5.80,85000000,10,"Trough avg (2015-2021)",1.007,"Below covenant"
"Scenario A - Grid",7.10,95000000,10,"Trough avg (2015-2021)",1.008,"Below covenant"
"Scenario B",5.28,75000000,5,"Worst year (2020-2021 avg)",1.019,"Below covenant"
"Scenario A - Grid",6.50,85000000,10,"Trough avg (2015-2021)",1.020,"Below covenant"
"Scenario B",5.28,75000000,10,"Trough avg (2015-2021)",1.022,"Below covenant"
"Scenario B",5.00,75000000,1,"P50 (2005-2023 mean)",1.023,"Below covenant"
"Scenario B - Grid",5.00,70000000,10,"Trough avg (2015-2021)",1.027,"Below covenant"
"Scenario B - Grid",5.30,75000000,10,"Trough avg (2015-2021)",1.027,"Below covenant"
"Scenario B - Grid",5.60,80000000,10,"Trough avg (2015-2021)",1.027,"Below covenant"
"Scenario B - Grid",5.90,85000000,10,"Trough avg (2015-2021)",1.027,"Below covenant"
"Scenario A - Grid",6.90,90000000,10,"Trough avg (2015-2021)",1.031,"Below covenant"
"Scenario B",5.28,75000000,1,"Worst year (2020-2021 avg)",1.040,"Below covenant"
"Scenario A - Grid",7.30,95000000,10,"Trough avg (2015-2021)",1.040,"Below covenant"
"Scenario B",5.28,75000000,10,"P50 (2005-2023 mean)",1.043,"Below covenant"
"Scenario B - Grid",6.00,85000000,10,"Trough avg (2015-2021)",1.047,"Below covenant"
"Scenario B",5.28,75000000,5,"Trough avg (2015-2021)",1.048,"Below covenant"
"Scenario B - Grid",5.70,80000000,10,"Trough avg (2015-2021)",1.048,"Below covenant"
"Scenario B - Grid",5.40,75000000,10,"Trough avg (2015-2021)",1.050,"Below covenant"
"Scenario B - Grid",5.10,70000000,10,"Trough avg (2015-2021)",1.051,"Below covenant"
"Scenario B",5.55,75000000,10,"Worst year (2020-2021 avg)",1.054,"Below covenant"
"Scenario A - Grid",7.10,90000000,10,"Trough avg (2015-2021)",1.064,"Below covenant"
"Scenario B",5.28,75000000,1,"Trough avg (2015-2021)",1.070,"Below covenant"
"Scenario B",5.28,75000000,5,"P50 (2005-2023 mean)",1.070,"Below covenant"
"Scenario B - Grid",5.80,80000000,10,"Trough avg (2015-2021)",1.070,"Below covenant"
"Scenario A - Grid",7.50,95000000,10,"Trough avg (2015-2021)",1.072,"Below covenant"
"Scenario B - Grid",5.50,75000000,10,"Trough avg (2015-2021)",1.073,"Below covenant"
"Scenario B - Grid",5.20,70000000,10,"Trough avg (2015-2021)",1.076,"Below covenant"
"Scenario B",5.55,75000000,5,"Worst year (2020-2021 avg)",1.080,"Below covenant"
"Scenario A - Grid",6.50,80000000,10,"Trough avg (2015-2021)",1.083,"Below covenant"
"Scenario B",5.55,75000000,10,"Trough avg (2015-2021)",1.084,"Below covenant"
"Scenario B",5.28,75000000,1,"P50 (2005-2023 mean)",1.091,"Below covenant"
"Scenario A - Grid",6.90,85000000,10,"Trough avg (2015-2021)",1.091,"Below covenant"
"Scenario B - Grid",5.90,80000000,10,"Trough avg (2015-2021)",1.091,"Below covenant"
"Scenario B - Grid",5.60,75000000,10,"Trough avg (2015-2021)",1.095,"Below covenant"
"Scenario A - Grid",7.30,90000000,10,"Trough avg (2015-2021)",1.098,"Below covenant"
"Scenario B - Grid",5.30,70000000,10,"Trough avg (2015-2021)",1.100,"Below covenant"
"Scenario B",5.55,75000000,1,"Worst year (2020-2021 avg)",1.102,"Below covenant"
"Scenario B",5.55,75000000,10,"P50 (2005-2023 mean)",1.106,"Below covenant"
"Scenario B - Grid",5.00,65000000,10,"Trough avg (2015-2021)",1.106,"Below covenant"
"Scenario B",5.55,75000000,5,"Trough avg (2015-2021)",1.111,"Below covenant"
"Scenario B - Grid",6.00,80000000,10,"Trough avg (2015-2021)",1.112,"Below covenant"
"Scenario B - Grid",5.70,75000000,10,"Trough avg (2015-2021)",1.118,"Below covenant"
"Scenario B - Grid",5.40,70000000,10,"Trough avg (2015-2021)",1.125,"Below covenant"
"Scenario A - Grid",7.10,85000000,10,"Trough avg (2015-2021)",1.127,"Below covenant"
"Scenario A",7.30,85000000,10,"Worst year (2020-2021 avg)",1.130,"Below covenant"
"Scenario A - Grid",7.50,90000000,10,"Trough avg (2015-2021)",1.132,"Below covenant"
"Scenario B - Grid",5.10,65000000,10,"Trough avg (2015-2021)",1.132,"Below covenant"
"Scenario B",5.55,75000000,1,"Trough avg (2015-2021)",1.134,"Below covenant"
"Scenario B",5.55,75000000,5,"P50 (2005-2023 mean)",1.134,"Below covenant"
"Scenario B",5.94,75000000,10,"Worst year (2020-2021 avg)",1.140,"Below covenant"
"Scenario B - Grid",5.80,75000000,10,"Trough avg (2015-2021)",1.141,"Below covenant"
"Scenario B - Grid",5.50,70000000,10,"Trough avg (2015-2021)",1.149,"Below covenant"
"Scenario A - Grid",6.50,75000000,10,"Trough avg (2015-2021)",1.156,"Below covenant"
"Scenario B",5.55,75000000,1,"P50 (2005-2023 mean)",1.157,"Below covenant"
"Scenario A",7.30,85000000,5,"Worst year (2020-2021 avg)",1.159,"Below covenant"
"Scenario A - Grid",6.90,80000000,10,"Trough avg (2015-2021)",1.159,"Below covenant"
"Scenario B - Grid",5.20,65000000,10,"Trough avg (2015-2021)",1.159,"Below covenant"
"Scenario A",7.30,85000000,10,"Trough avg (2015-2021)",1.163,"Below covenant"
"Scenario A - Grid",7.30,85000000,10,"Trough avg (2015-2021)",1.163,"Below covenant"
"Scenario B - Grid",5.90,75000000,10,"Trough avg (2015-2021)",1.164,"Below covenant"
"Scenario B",5.94,75000000,5,"Worst year (2020-2021 avg)",1.169,"Below covenant"
"Scenario B",5.94,75000000,10,"Trough avg (2015-2021)",1.173,"Below covenant"
"Scenario B - Grid",5.60,70000000,10,"Trough avg (2015-2021)",1.174,"Below covenant"
"Scenario A",7.30,85000000,1,"Worst year (2020-2021 avg)",1.182,"Below covenant"
"Scenario B - Grid",5.30,65000000,10,"Trough avg (2015-2021)",1.185,"Below covenant"
"Scenario A",7.30,85000000,10,"P50 (2005-2023 mean)",1.186,"Below covenant"
"Scenario B - Grid",6.00,75000000,10,"Trough avg (2015-2021)",1.187,"Below covenant"
"Scenario A",7.30,85000000,5,"Trough avg (2015-2021)",1.192,"Below covenant"
"Scenario B",5.94,75000000,1,"Worst year (2020-2021 avg)",1.193,"Below covenant"
"Scenario B",5.94,75000000,10,"P50 (2005-2023 mean)",1.197,"Below covenant"
"Scenario A - Grid",7.10,80000000,10,"Trough avg (2015-2021)",1.197,"Below covenant"
"Scenario A - Grid",7.50,85000000,10,"Trough avg (2015-2021)",1.198,"Below covenant"
"Scenario B - Grid",5.00,60000000,10,"Trough avg (2015-2021)",1.198,"Below covenant"
"Scenario B - Grid",5.70,70000000,10,"Trough avg (2015-2021)",1.198,"Below covenant"
