location,zone,ghi_mean,ghi_std,ghi_count,P50,P75,P90,P99,P90_P50_ratio,P99_P50_ratio
Baglung,Western Hills,1598.6942105263158,63.50072522033722,19,1598.6942105263158,1555.8947217278085,1517.2862807938436,1450.9915236638114,0.9490784859315458,0.9076104198726795
Parbat,Western Hills,1512.0952631578948,59.2410021642687,19,1512.0952631578948,1472.1668276991777,1436.1482983833023,1374.300692123806,0.9497736904380064,0.9088717659585048
Gulmi,Western Hills,1540.478947368421,59.52663651161528,19,1540.478947368421,1500.357994359592,1464.1657993605302,1402.0199908424038,0.9504614145241936,0.910119539924551
Syangja,Western Hills,1603.6984210526316,61.65785182612897,19,1603.6984210526316,1562.1410289218206,1524.6530550115342,1460.2822577050556,0.9507105793686486,0.9105716128014637
Kaski,Western Hills,1600.4336842105265,61.358979620891326,19,1600.4336842105265,1559.0777319460458,1521.7714723365439,1457.7126976123332,0.9508494399674012,0.9108235548862521
Palpa,Western Hills,1653.2878947368422,63.15466188290351,19,1653.2878947368422,1610.7216526277653,1572.32361820296,1506.3901511972085,0.9510283255616715,0.9111481164246862
Myagdi,Western Hills,1470.4794736842105,55.27153682539447,19,1470.4794736842105,1433.2264578638947,1399.6213634740548,1341.917879028343,0.9518129212421956,0.9125716496172754
Tanahun,Western Hills,1613.5242105263158,59.88705270161953,19,1613.5242105263158,1573.1603370054243,1536.7490089628395,1474.2269259423488,0.9524176947190442,0.913668921931745
Lamjung,Western Hills,1597.0078947368422,58.828127114213764,19,1597.0078947368422,1557.357737061862,1521.5902357764203,1460.173671069181,0.9527756505093237,0.9143183799412532
Nawalpur,Inner Terai,1672.9315789473685,60.37637711916056,19,1672.9315789473685,1632.2379007690542,1595.5290634806047,1532.496125768201,0.9537324081625224,0.9160542756521272
Gorkha,Central Hills,1573.0236842105264,56.06783750368103,19,1573.0236842105264,1535.2339617330454,1501.1447165308073,1442.6098941769644,0.9543052222282374,0.9170935623267399
Parasi,Western Terai,1708.2026315789474,60.70053924729408,19,1708.2026315789474,1667.2904681262712,1630.3845402639163,1567.0131772897414,0.9544444611684615,0.9173461908563506
Arghakhanchi,Western Hills,1648.9736842105262,58.481479614444936,19,1648.9736842105262,1609.5571669503904,1574.0004273448078,1512.9457626273274,0.9545333818340387,0.9175075242948316
Chitwan,Western Terai,1670.7363157894736,59.241791574916476,19,1670.7363157894736,1630.80734826798,1594.7883389904307,1532.9399085862178,0.9545422122681548,0.9175235458157006
Pyuthan,Mid-West Hills,1659.1799999999998,58.630497373143776,19,1659.1799999999998,1619.6630447705008,1584.0157023676295,1522.8054631100674,0.9546979244974202,0.9178060626996876
Dhading,Central Hills,1619.5647368421053,56.33787815674892,19,1619.5647368421053,1581.5930069644564,1547.3395770451532,1488.5228322495072,0.9554045860878772,0.9190881959753526
Rupandehi,Western Terai,1735.5478947368422,60.17907716686066,19,1735.5478947368422,1694.987196726378,1658.3983178089268,1595.5713612467243,0.9555474227119423,0.9193473519719015
Nuwakot,Central Hills,1626.048947368421,55.35484339892312,19,1626.048947368421,1588.7397829175468,1555.0840381310015,1497.2935816225258,0.956357458148927,0.9208170418521094
Kapilvastu,Western Terai,1761.157894736842,58.87583220255889,19,1761.157894736842,1721.4755838323174,1685.6790778531615,1624.21270903369,0.9571425043096667,0.9222413923746373
Dolakha,Central Hills,1630.326842105263,54.0859815533082,19,1630.326842105263,1593.8728905383332,1560.988613753922,1504.5228490122681,0.9574697376252459,0.9228351089830904
Rukum_East,Mid-West Hills,1622.5215789473684,53.47586685839987,19,1622.5215789473684,1586.478844684807,1553.9655176348997,1498.1367126347304,0.9577472113764148,0.9233385441977701
Sindhupalchok,Central Hills,1518.9005263157894,49.989397928592396,19,1518.9005263157894,1485.207672111918,1454.814118171334,1402.6251867338835,0.9578073698480427,0.9234476928756219
Bhaktapur,Central Hills,1640.2794736842106,53.9260215968428,19,1640.2794736842106,1603.9333351279386,1571.146313997058,1514.8475474499542,0.9578528166716167,0.9235301494369582
Kathmandu,Central Hills,1640.1868421052632,53.922091952972295,19,1640.1868421052632,1603.8433521289599,1571.0587202215527,1514.7640562226495,0.9578535078387892,0.9235314034578969
Lalitpur,Central Hills,1639.6836842105263,53.90065575879446,19,1639.6836842105263,1603.3546422290988,1570.5830435277517,1514.3107589155704,0.9578573347114537,0.9235383467541666
Kavrepalanchok,Central Hills,1579.4663157894738,51.74866871186439,19,1579.4663157894738,1544.587713077677,1513.1245225008636,1459.0989123656773,0.9579973357928496,0.9237923580765743
Rolpa,Mid-West Hills,1593.998947368421,51.90713212552848,19,1593.998947368421,1559.013540315815,1527.4540039834935,1473.2629580444418,0.9582528310355609,0.9242559165278585
Salyan,Mid-West Hills,1631.6247368421052,52.79102073989698,19,1631.6247368421052,1596.0435888634147,1563.9466482535572,1508.832822601105,0.958521045274458,0.9247425517226128
Dang,Inner Terai,1788.1605263157896,57.81874633270237,19,1788.1605263157896,1749.1906912875481,1714.0368935172653,1653.674122345924,0.9585475511243703,0.9247906426796296
Solukhumbu,Central Hills,1636.9242105263158,52.432365568075696,19,1636.9242105263158,1601.5847961334327,1569.705917868043,1514.9665282149717,0.9589362218323716,0.9254958283791701
Jajarkot,Mid-West Hills,1718.8426315789475,54.805529307635204,19,1718.8426315789475,1681.9037048256014,1648.5819430065592,1591.364970409388,0.9591232569628285,0.9258351760495624
Khotang,Eastern Hills,1522.1805263157894,48.24149256877483,19,1522.1805263157894,1489.6657603244353,1460.33493284262,1409.970814600819,0.9593703950326724,0.9262835716427426
Ramechhap,Eastern Hills,1613.171052631579,50.638196046368115,19,1613.171052631579,1579.040908496327,1548.252885300135,1495.3866086277267,0.9597574186410409,0.9269857689228247
Okhaldhunga,Central Hills,1521.7715789473684,47.723229873832416,19,1521.7715789473684,1489.6061220124054,1460.5903982491152,1410.7673462608343,0.9597960813931266,0.9270559167865933
Makwanpur,Central Hills,1711.002105263158,52.95444169587318,19,1711.002105263158,1675.3108115601394,1643.1145110090486,1587.830073878557,0.9603229043112906,0.9280117593042606
Surkhet,Mid-West Hills,1749.2878947368422,53.66834175221698,19,1749.2878947368422,1713.1154323958478,1680.4850806105,1624.4553318211854,0.9606681013837962,0.9286380685013337
Bhojpur,Eastern Hills,1565.637894736842,47.56518539844348,19,1565.637894736842,1533.5789597782912,1504.6593270560375,1455.0012735000626,0.9610519342398428,0.9293344766317273
Manang,High Mountain,1786.2652631578949,53.17048924277252,19,1786.2652631578949,1750.4283534082663,1718.1006959486606,1662.590705179206,0.9618396166486898,0.9307636102377943
Parsa,Madhesh Terai,1772.4863157894736,52.411099991692396,19,1772.4863157894736,1737.1612343950728,1705.2952856001239,1650.578097208797,0.9620922149915597,0.9312219126913948
Udayapur,Eastern Hills,1599.465789473684,47.184167226328185,19,1599.465789473684,1567.6636607631388,1538.9756870895312,1489.7154165052448,0.9621810589621567,0.9313831069781409
Rasuwa,Central Hills,1705.5431578947369,49.96322881798306,19,1705.5431578947369,1671.8679416714162,1641.4902985500826,1589.3286876641082,0.9624443045910847,0.9318607273626076
Baitadi,Far-West Hills,1678.3347368421053,49.03517721078988,19,1678.3347368421053,1645.285027402033,1615.4716396578726,1564.278914649808,0.9625443626922043,0.9320422680359339
Sunsari,Eastern Terai,1580.136842105263,45.39387563349519,19,1580.136842105263,1549.5413699282872,1521.9418935431222,1474.550687381753,0.9631709437996484,0.9331791070811093
Sindhuli,Central Hills,1643.1942105263158,47.17504852683001,19,1643.1942105263158,1611.3982278192325,1582.7157983149198,1533.465047652909,0.9631946048592608,0.933222036585523
Sankhuwasabha,Eastern Mountain,1606.008947368421,45.97296341869937,19,1606.008947368421,1575.0231700242177,1547.0716082656486,1499.0758344565263,0.9633019858330514,0.9334168635317297
Banke,Mid-West Terai,1813.3984210526316,51.74885047173698,19,1813.3984210526316,1778.519695834681,1747.056394747865,1693.0305948553714,0.9634156368867594,0.9336230666135742
Sarlahi,Madhesh Terai,1734.5105263157893,49.4674188480193,19,1734.5105263157893,1701.1694860122243,1671.0932953526285,1619.4493100752964,0.9634379670800481,0.9336635814572481
Dhankuta,Eastern Hills,1552.0884210526317,43.987960886178584,19,1552.0884210526317,1522.4405354153473,1495.6958551965508,1449.7724240313803,0.9636666538509222,0.9340784998886466
Dailekh,Mid-West Hills,1737.8647368421052,49.06385129699428,19,1737.8647368421052,1704.795701067931,1674.9648794793586,1623.7422187252964,0.9638062410558818,0.9343317602932768
Panchthar,Eastern Hills,1488.7194736842107,41.911261477036106,19,1488.7194736842107,1460.4712834486884,1434.9892364706504,1391.2338794886248,0.9639084205161962,0.9345171498601188
Bardiya,Mid-West Terai,1798.3952631578948,50.466248827907066,19,1798.3952631578948,1764.3810114478854,1733.697532160518,1681.010768384183,0.9640247434350051,0.9347282006472869
Rukum_West,Mid-West Hills,1644.1126315789472,46.09096607580683,19,1644.1126315789472,1613.0473204438533,1585.0240130697628,1536.9050444866205,0.9640604801798537,0.9347930397022931
Saptari,Madhesh Terai,1673.2384210526316,46.773657859853614,19,1673.2384210526316,1641.7129756550903,1613.2745916762992,1564.442892870612,0.9641630095138449,0.9349790640633411
Siraha,Eastern Terai,1740.3747368421054,48.599475004985784,19,1740.3747368421054,1707.6186906887451,1678.0702098857137,1627.3323579805085,0.9642005105926539,0.9350471042422097
Dhanusha,Madhesh Terai,1742.5726315789473,48.494715616137555,19,1742.5726315789473,1709.8871932536706,1680.402406159059,1629.7739230558113,0.9643227350795956,0.9352688625547109
Terhathum,Eastern Hills,1547.3663157894737,42.99013248674704,19,1547.3663157894737,1518.3909664934063,1492.252965941464,1447.3712676253,0.9643824805505795,0.9353772619037816
Bara,Madhesh Terai,1797.2857894736842,49.85234423506073,19,1797.2857894736842,1763.6853094592532,1733.3750841643364,1681.3292367829329,0.9644404325212723,0.9354824072109823
Mahottari,Madhesh Terai,1770.125789473684,48.633522425470886,19,1770.125789473684,1737.3467953589168,1707.7776137242304,1657.0042163120388,0.964777545121247,0.9360940483245092
Taplejung,Eastern Hills,1524.8647368421052,41.83781162861348,19,1524.8647368421052,1496.6660518044198,1471.2286623342227,1427.5499869939504,0.9648256837396874,0.9361813887507903
Rautahat,Madhesh Terai,1788.2931578947369,48.865711456402,19,1788.2931578947369,1755.357668373122,1725.6473158076294,1674.6315130471457,0.9649689192118495,0.9364412683984101
Ilam,Eastern Hills,1553.3168421052633,41.31381152601414,19,1553.3168421052633,1525.4713331367298,1500.3525357289132,1457.2209164957544,0.9659024450513485,0.9381350134082967
Dadeldhura,Far-West Hills,1670.703157894737,44.060171615723675,19,1670.703157894737,1641.0066022257392,1614.2180178833792,1568.2191987165636,0.966190798320789,0.9386581879049574
Achham,Far-West Hills,1602.66,41.42249214563935,19,1602.66,1574.7412402938392,1549.5563650692905,1506.311283269243,0.9668653145828126,0.939881998221234
Kalikot,Mid-West Hills,1690.628947368421,43.33444022877784,19,1690.628947368421,1661.4215346542248,1635.0741949951278,1589.8330393962838,0.9671395947290693,0.9403796391106204
Morang,Eastern Terai,1633.8768421052632,41.48210217171736,19,1633.8768421052632,1605.9179052415257,1580.6967871211216,1537.3894724538486,0.9674516134792518,0.9409457511331822
Jhapa,Eastern Terai,1600.3573684210526,40.395027037455094,19,1600.3573684210526,1573.1311201978078,1548.5709437590351,1506.398535531932,0.9676407122034805,0.9412888428902463
Kanchanpur,Far-West Terai,1737.4042105263159,42.66528660734095,19,1737.4042105263159,1708.6478073529681,1682.7073130957046,1638.1647538776408,0.9685180356423554,0.9428806169298898
Darchula,Far-West Hills,1672.6726315789474,41.07355703046062,19,1672.6726315789474,1644.989054140417,1620.0163314658969,1577.135537926096,0.9685196618161052,0.9428835673824187
Jumla,High Mountain,1843.5384210526317,44.85479985007893,19,1843.5384210526317,1813.3062859536785,1786.0345676448305,1739.206156601348,0.9688078898974248,0.9434065147436898
Kailali,Far-West Terai,1737.0794736842106,42.10830288588965,19,1737.0794736842106,1708.698477539121,1683.0966293845001,1639.1355611716313,0.9689232155940355,0.9436157562181954
Mustang,High Mountain,1999.8510526315788,48.00527979003246,19,1999.8510526315788,1967.495494053097,1938.308283940757,1888.1907718399632,0.9692263238255477,0.9441657014182715
Bajura,Far-West Hills,1662.5673684210526,39.698455027607224,19,1662.5673684210526,1635.8106097324453,1611.6739490756602,1570.2287620268382,0.969388657378903,0.9444602317186649
Doti,Far-West Hills,1607.91,38.27485292808664,19,1607.91,1582.1127491264697,1558.841638546193,1518.8826920892707,0.9694831418090522,0.9446316597877186
Dolpa,High Mountain,1818.4989473684209,41.94419359825845,19,1818.4989473684209,1790.2285608831946,1764.7264911754535,1720.9367530588718,0.9704303066709044,0.9463501507929202
Bajhang,Far-West Hills,1491.9284210526316,33.103951469937485,19,1491.9284210526316,1469.6163577618938,1449.4891552681718,1414.928629933557,0.9715540871897079,0.9483890848699381
Mugu,High Mountain,1701.4015789473685,37.32373749642116,19,1701.4015789473685,1676.2453798747806,1653.5525474769565,1614.586565530693,0.9718766973873296,0.9489744135124251
Humla,High Mountain,1748.463157894737,33.95319475274948,19,1748.463157894737,1725.5787046313837,1704.935162221712,1669.4880268998415,0.9751049969360319,0.9548316871085882
