location,zone,month,GHI_monthly,DNI_monthly
Achham,Far-West Hills,1,102.59315789473685,128.43842105263158
Achham,Far-West Hills,2,119.20947368421052,136.35789473684213
Achham,Far-West Hills,3,169.9657894736842,183.11368421052632
Achham,Far-West Hills,4,187.03894736842105,185.88105263157894
Achham,Far-West Hills,5,192.32894736842104,179.66368421052633
Achham,Far-West Hills,6,156.14368421052632,126.53736842105263
Achham,Far-West Hills,7,108.95526315789475,60.465789473684204
Achham,Far-West Hills,8,109.89684210526316,66.01473684210526
Achham,Far-West Hills,9,121.48526315789475,96.9121052631579
Achham,Far-West Hills,10,131.77473684210526,140.58842105263156
Achham,Far-West Hills,11,108.33473684210527,133.7021052631579
Achham,Far-West Hills,12,94.93315789473684,124.09736842105262
Arghakhanchi,Western Hills,1,109.93315789473684,148.4657894736842
Arghakhanchi,Western Hills,2,122.51631578947368,144.37315789473686
Arghakhanchi,Western Hills,3,173.30263157894737,191.02052631578945
Arghakhanchi,Western Hills,4,194.4157894736842,198.3621052631579
Arghakhanchi,Western Hills,5,192.99,175.22368421052633
Arghakhanchi,Western Hills,6,153.77947368421053,120.80684210526316
Arghakhanchi,Western Hills,7,115.85105263157895,71.04684210526317
Arghakhanchi,Western Hills,8,118.44000000000001,79.63947368421051
Arghakhanchi,Western Hills,9,120.9857894736842,100.87105263157895
Arghakhanchi,Western Hills,10,134.84315789473683,152.67736842105262
Arghakhanchi,Western Hills,11,110.12105263157896,140.9657894736842
Arghakhanchi,Western Hills,12,101.79526315789474,143.56526315789472
Baglung,Western Hills,1,115.26736842105262,178.40421052631578
Baglung,Western Hills,2,122.65526315789472,169.1121052631579
Baglung,Western Hills,3,171.67473684210526,201.92105263157896
Baglung,Western Hills,4,185.1021052631579,186.02421052631578
Baglung,Western Hills,5,178.44736842105263,157.23210526315788
Baglung,Western Hills,6,137.56157894736842,101.3157894736842
Baglung,Western Hills,7,103.67210526315789,55.00368421052631
Baglung,Western Hills,8,107.36842105263158,64.72631578947369
Baglung,Western Hills,9,116.14736842105265,98.20157894736842
Baglung,Western Hills,10,135.38631578947368,160.15684210526317
Baglung,Western Hills,11,115.41736842105263,168.7342105263158
Baglung,Western Hills,12,109.99421052631578,184.3121052631579
Baitadi,Far-West Hills,1,111.32736842105263,171.22315789473683
Baitadi,Far-West Hills,2,122.01368421052632,159.26315789473685
Baitadi,Far-West Hills,3,172.7657894736842,201.0821052631579
Baitadi,Far-West Hills,4,193.27315789473684,203.3821052631579
Baitadi,Far-West Hills,5,199.41736842105266,194.28947368421052
Baitadi,Far-West Hills,6,165.3647368421053,145.66473684210527
Baitadi,Far-West Hills,7,104.22473684210526,63.42263157894737
Baitadi,Far-West Hills,8,105.3157894736842,68.37473684210526
Baitadi,Far-West Hills,9,129.25368421052633,121.6136842105263
Baitadi,Far-West Hills,10,144.18052631578948,178.49578947368423
Baitadi,Far-West Hills,11,120.0,179.72368421052633
Baitadi,Far-West Hills,12,111.19789473684212,188.6
Bajhang,Far-West Hills,1,95.33210526315789,132.24
Bajhang,Far-West Hills,2,104.49105263157894,124.27894736842106
Bajhang,Far-West Hills,3,151.23315789473685,153.24421052631578
Bajhang,Far-West Hills,4,172.18052631578948,156.7342105263158
Bajhang,Far-West Hills,5,174.91473684210527,137.98
Bajhang,Far-West Hills,6,146.14894736842106,98.63
Bajhang,Far-West Hills,7,106.61105263157894,49.863684210526316
Bajhang,Far-West Hills,8,106.87736842105264,56.26157894736842
Bajhang,Far-West Hills,9,117.17315789473685,89.6457894736842
Bajhang,Far-West Hills,10,123.52315789473684,132.14526315789473
Bajhang,Far-West Hills,11,100.7836842105263,136.30526315789476
Bajhang,Far-West Hills,12,92.65947368421052,143.01052631578946
Bajura,Far-West Hills,1,119.37052631578948,170.58631578947367
Bajura,Far-West Hills,2,130.9363157894737,160.57473684210527
Bajura,Far-West Hills,3,171.4936842105263,181.37157894736842
Bajura,Far-West Hills,4,180.37947368421052,172.56052631578947
Bajura,Far-West Hills,5,189.40157894736842,166.42157894736843
Bajura,Far-West Hills,6,157.00842105263158,120.25684210526316
Bajura,Far-West Hills,7,111.91,58.78578947368421
Bajura,Far-West Hills,8,108.46736842105264,59.264210526315786
Bajura,Far-West Hills,9,121.44789473684212,95.64684210526316
Bajura,Far-West Hills,10,136.8205263157895,152.42368421052632
Bajura,Far-West Hills,11,120.34578947368422,165.11157894736843
Bajura,Far-West Hills,12,114.9857894736842,179.8121052631579
Banke,Mid-West Terai,1,121.01578947368422,186.77631578947367
Banke,Mid-West Terai,2,135.2757894736842,185.48157894736843
Banke,Mid-West Terai,3,186.70684210526315,230.46368421052634
Banke,Mid-West Terai,4,207.3594736842105,236.47578947368422
Banke,Mid-West Terai,5,214.56947368421052,224.44789473684213
Banke,Mid-West Terai,6,174.15947368421052,159.3478947368421
Banke,Mid-West Terai,7,124.28105263157896,84.45105263157895
Banke,Mid-West Terai,8,128.1157894736842,96.40105263157895
Banke,Mid-West Terai,9,132.81684210526316,124.40052631578948
Banke,Mid-West Terai,10,146.76684210526318,185.66842105263157
Banke,Mid-West Terai,11,126.3521052631579,193.2821052631579
Banke,Mid-West Terai,12,115.97894736842105,188.7563157894737
Bara,Madhesh Terai,1,125.81263157894738,198.4936842105263
Bara,Madhesh Terai,2,138.97894736842105,191.6942105263158
Bara,Madhesh Terai,3,187.9063157894737,228.55315789473684
Bara,Madhesh Terai,4,203.21894736842106,227.3136842105263
Bara,Madhesh Terai,5,202.17736842105262,202.98210526315788
Bara,Madhesh Terai,6,163.04684210526315,141.00736842105263
Bara,Madhesh Terai,7,126.6042105263158,88.32157894736842
Bara,Madhesh Terai,8,129.7305263157895,98.28578947368422
Bara,Madhesh Terai,9,127.45894736842104,116.00894736842106
Bara,Madhesh Terai,10,143.29315789473685,173.09473684210525
Bara,Madhesh Terai,11,129.71263157894737,191.02421052631578
Bara,Madhesh Terai,12,119.34526315789473,194.56842105263158
Bardiya,Mid-West Terai,1,119.01052631578946,182.79894736842104
Bardiya,Mid-West Terai,2,133.96947368421053,182.79736842105262
Bardiya,Mid-West Terai,3,185.98684210526315,230.43
Bardiya,Mid-West Terai,4,206.48894736842104,235.24894736842109
Bardiya,Mid-West Terai,5,213.85315789473685,223.09157894736842
Bardiya,Mid-West Terai,6,174.31263157894736,159.4221052631579
Bardiya,Mid-West Terai,7,120.99421052631578,80.16526315789474
Bardiya,Mid-West Terai,8,125.31052631578947,92.64368421052632
Bardiya,Mid-West Terai,9,132.3178947368421,123.62526315789474
Bardiya,Mid-West Terai,10,146.79999999999998,186.79526315789474
Bardiya,Mid-West Terai,11,125.03157894736842,192.05894736842106
Bardiya,Mid-West Terai,12,114.31947368421054,185.46263157894737
Bhaktapur,Central Hills,1,120.14210526315789,185.35
Bhaktapur,Central Hills,2,128.60105263157894,171.50842105263158
Bhaktapur,Central Hills,3,173.90578947368422,202.8678947368421
Bhaktapur,Central Hills,4,188.18157894736842,201.16210526315788
Bhaktapur,Central Hills,5,183.5557894736842,173.25421052631577
Bhaktapur,Central Hills,6,144.17157894736843,111.66421052631578
Bhaktapur,Central Hills,7,107.39526315789473,58.99842105263158
Bhaktapur,Central Hills,8,115.35789473684211,72.63315789473684
Bhaktapur,Central Hills,9,118.41263157894737,97.16
Bhaktapur,Central Hills,10,132.03052631578947,151.14210526315787
Bhaktapur,Central Hills,11,117.03263157894736,165.60473684210524
Bhaktapur,Central Hills,12,111.49263157894738,179.44
Bhojpur,Eastern Hills,1,117.8,173.8057894736842
Bhojpur,Eastern Hills,2,123.14947368421053,158.1978947368421
Bhojpur,Eastern Hills,3,167.46105263157895,190.8821052631579
Bhojpur,Eastern Hills,4,178.1015789473684,183.8384210526316
Bhojpur,Eastern Hills,5,165.98263157894738,143.60473684210527
Bhojpur,Eastern Hills,6,127.37,90.18631578947368
Bhojpur,Eastern Hills,7,102.32052631578946,58.18578947368421
Bhojpur,Eastern Hills,8,111.58105263157894,71.34
Bhojpur,Eastern Hills,9,112.96526315789474,95.09631578947368
Bhojpur,Eastern Hills,10,131.37947368421052,149.70105263157893
Bhojpur,Eastern Hills,11,116.84105263157895,160.32105263157894
Bhojpur,Eastern Hills,12,110.68578947368422,170.69842105263157
Chitwan,Western Terai,1,119.40947368421054,188.7578947368421
Chitwan,Western Terai,2,129.49157894736842,175.04000000000002
Chitwan,Western Terai,3,178.92315789473685,214.2621052631579
Chitwan,Western Terai,4,193.30473684210526,214.99578947368423
Chitwan,Western Terai,5,189.0894736842105,187.03052631578947
Chitwan,Western Terai,6,148.24052631578948,124.44052631578947
Chitwan,Western Terai,7,110.62894736842104,69.09684210526315
Chitwan,Western Terai,8,115.98684210526316,81.83210526315789
Chitwan,Western Terai,9,118.13526315789473,104.13526315789474
Chitwan,Western Terai,10,135.53052631578947,162.42473684210526
Chitwan,Western Terai,11,119.64947368421053,174.48157894736843
Chitwan,Western Terai,12,112.34631578947368,183.98210526315788
Dadeldhura,Far-West Hills,1,116.28000000000002,188.58052631578946
Dadeldhura,Far-West Hills,2,125.80999999999999,168.08157894736843
Dadeldhura,Far-West Hills,3,171.05052631578948,196.60526315789474
Dadeldhura,Far-West Hills,4,189.9078947368421,201.41526315789474
Dadeldhura,Far-West Hills,5,192.9215789473684,180.53052631578947
Dadeldhura,Far-West Hills,6,158.18052631578948,130.09157894736842
Dadeldhura,Far-West Hills,7,106.5521052631579,61.12157894736842
Dadeldhura,Far-West Hills,8,108.18631578947368,68.95526315789475
Dadeldhura,Far-West Hills,9,125.67315789473685,112.90157894736842
Dadeldhura,Far-West Hills,10,140.61684210526315,173.8678947368421
Dadeldhura,Far-West Hills,11,121.66894736842106,182.32736842105263
Dadeldhura,Far-West Hills,12,113.85526315789474,192.10789473684213
Dailekh,Mid-West Hills,1,123.96526315789474,193.63368421052633
Dailekh,Mid-West Hills,2,133.44526315789474,173.81578947368422
Dailekh,Mid-West Hills,3,182.78105263157894,220.5257894736842
Dailekh,Mid-West Hills,4,197.26315789473685,207.64736842105265
Dailekh,Mid-West Hills,5,201.30736842105264,196.03473684210525
Dailekh,Mid-West Hills,6,162.14315789473685,136.88
Dailekh,Mid-West Hills,7,109.15736842105262,62.39421052631579
Dailekh,Mid-West Hills,8,111.85105263157895,70.33421052631579
Dailekh,Mid-West Hills,9,125.62894736842104,108.99315789473684
Dailekh,Mid-West Hills,10,143.88526315789474,176.34105263157895
Dailekh,Mid-West Hills,11,127.09052631578946,195.9894736842105
Dailekh,Mid-West Hills,12,119.34631578947368,200.9357894736842
Dang,Inner Terai,1,124.72684210526316,197.44947368421052
Dang,Inner Terai,2,136.04999999999998,188.30947368421053
Dang,Inner Terai,3,186.01052631578946,227.4973684210526
Dang,Inner Terai,4,204.79105263157896,232.74105263157895
Dang,Inner Terai,5,208.93157894736842,215.7947368421053
Dang,Inner Terai,6,166.97526315789472,149.47052631578947
Dang,Inner Terai,7,120.67421052631579,79.2321052631579
Dang,Inner Terai,8,124.15421052631578,90.68736842105262
Dang,Inner Terai,9,129.27315789473684,118.61736842105263
Dang,Inner Terai,10,143.74,179.6378947368421
Dang,Inner Terai,11,125.47421052631577,189.84736842105264
Dang,Inner Terai,12,117.35947368421053,193.5457894736842
Darchula,Far-West Hills,1,105.89421052631579,154.00368421052633
Darchula,Far-West Hills,2,122.62736842105264,158.33105263157896
Darchula,Far-West Hills,3,170.83684210526317,190.1236842105263
Darchula,Far-West Hills,4,190.00842105263158,187.11157894736843
Darchula,Far-West Hills,5,194.2342105263158,167.2278947368421
Darchula,Far-West Hills,6,163.62,125.60000000000001
Darchula,Far-West Hills,7,110.25263157894737,59.70947368421053
Darchula,Far-West Hills,8,110.1157894736842,65.79105263157895
Darchula,Far-West Hills,9,131.77736842105264,116.57736842105263
Darchula,Far-West Hills,10,147.64105263157893,180.54315789473685
Darchula,Far-West Hills,11,120.91631578947367,180.13526315789474
Darchula,Far-West Hills,12,104.74842105263158,167.77157894736843
Dhading,Central Hills,1,118.53315789473685,180.25842105263158
Dhading,Central Hills,2,126.5357894736842,163.3515789473684
Dhading,Central Hills,3,173.1721052631579,198.56052631578947
Dhading,Central Hills,4,187.9936842105263,196.90894736842105
Dhading,Central Hills,5,182.50684210526316,168.29000000000002
Dhading,Central Hills,6,142.08315789473684,108.54473684210525
Dhading,Central Hills,7,103.69263157894737,54.61842105263158
Dhading,Central Hills,8,110.6157894736842,68.05
Dhading,Central Hills,9,115.95052631578947,94.42368421052632
Dhading,Central Hills,10,133.04105263157896,155.8084210526316
Dhading,Central Hills,11,115.66789473684211,161.54684210526315
Dhading,Central Hills,12,109.7721052631579,172.25315789473683
Dhankuta,Eastern Hills,1,116.60684210526317,161.63526315789474
Dhankuta,Eastern Hills,2,121.28263157894736,147.33105263157896
Dhankuta,Eastern Hills,3,164.04684210526315,178.72421052631577
Dhankuta,Eastern Hills,4,175.62263157894736,173.1942105263158
Dhankuta,Eastern Hills,5,164.6957894736842,135.27947368421053
Dhankuta,Eastern Hills,6,126.28157894736842,84.37421052631579
Dhankuta,Eastern Hills,7,101.82947368421053,54.93684210526315
Dhankuta,Eastern Hills,8,111.83105263157894,68.6542105263158
Dhankuta,Eastern Hills,9,113.32263157894738,91.02157894736843
Dhankuta,Eastern Hills,10,131.62052631578948,146.32157894736844
Dhankuta,Eastern Hills,11,115.47263157894737,151.9921052631579
Dhankuta,Eastern Hills,12,109.4757894736842,159.86
Dhanusha,Madhesh Terai,1,123.0657894736842,189.30263157894737
Dhanusha,Madhesh Terai,2,135.92473684210526,184.6821052631579
Dhanusha,Madhesh Terai,3,185.29684210526315,224.76
Dhanusha,Madhesh Terai,4,198.15684210526317,217.41631578947369
Dhanusha,Madhesh Terai,5,192.8036842105263,188.34368421052633
Dhanusha,Madhesh Terai,6,153.41105263157894,127.93157894736841
Dhanusha,Madhesh Terai,7,122.49,83.54736842105264
Dhanusha,Madhesh Terai,8,125.76315789473684,93.35473684210527
Dhanusha,Madhesh Terai,9,124.4557894736842,112.06473684210526
Dhanusha,Madhesh Terai,10,139.97684210526316,166.86052631578946
Dhanusha,Madhesh Terai,11,125.77052631578947,182.14105263157893
Dhanusha,Madhesh Terai,12,115.45736842105264,184.16684210526316
Dolakha,Central Hills,1,127.10947368421053,191.57894736842104
Dolakha,Central Hills,2,134.79473684210527,171.98263157894738
Dolakha,Central Hills,3,180.32631578947368,211.82368421052632
Dolakha,Central Hills,4,191.07736842105265,200.87157894736842
Dolakha,Central Hills,5,179.7621052631579,164.08157894736843
Dolakha,Central Hills,6,138.4463157894737,104.43684210526315
Dolakha,Central Hills,7,96.59894736842105,48.404736842105265
Dolakha,Central Hills,8,103.37789473684211,60.6578947368421
Dolakha,Central Hills,9,111.30947368421053,86.17736842105262
Dolakha,Central Hills,10,132.49526315789473,149.2021052631579
Dolakha,Central Hills,11,120.33157894736843,170.22315789473686
Dolakha,Central Hills,12,114.69736842105263,174.2305263157895
Dolpa,High Mountain,1,116.17315789473685,160.88684210526316
Dolpa,High Mountain,2,139.1378947368421,161.09684210526316
Dolpa,High Mountain,3,188.78157894736842,186.92
Dolpa,High Mountain,4,209.10526315789474,187.13894736842104
Dolpa,High Mountain,5,208.0236842105263,171.45315789473685
Dolpa,High Mountain,6,175.1921052631579,130.60684210526315
Dolpa,High Mountain,7,134.31263157894736,70.39263157894737
Dolpa,High Mountain,8,132.71684210526314,76.48631578947368
Dolpa,High Mountain,9,145.9557894736842,121.5221052631579
Dolpa,High Mountain,10,142.71263157894737,158.62947368421052
Dolpa,High Mountain,11,122.00578947368422,170.35315789473685
Dolpa,High Mountain,12,104.38157894736842,157.22105263157894
Doti,Far-West Hills,1,111.45947368421052,156.68052631578948
Doti,Far-West Hills,2,119.2721052631579,142.45736842105262
Doti,Far-West Hills,3,166.59736842105264,178.16684210526316
Doti,Far-West Hills,4,183.48736842105265,180.1442105263158
Doti,Far-West Hills,5,185.22105263157894,159.2694736842105
Doti,Far-West Hills,6,151.26,112.08526315789473
Doti,Far-West Hills,7,107.45210526315789,55.404210526315794
Doti,Far-West Hills,8,108.2857894736842,62.54
Doti,Far-West Hills,9,121.73631578947368,97.95052631578947
Doti,Far-West Hills,10,135.3621052631579,150.41947368421052
Doti,Far-West Hills,11,114.58842105263157,155.29473684210527
Doti,Far-West Hills,12,103.1878947368421,149.96473684210525
Gorkha,Central Hills,1,110.47894736842105,155.70684210526315
Gorkha,Central Hills,2,121.97842105263159,149.32684210526315
Gorkha,Central Hills,3,169.2163157894737,185.89105263157893
Gorkha,Central Hills,4,183.81736842105263,183.84421052631578
Gorkha,Central Hills,5,178.90684210526317,160.1342105263158
Gorkha,Central Hills,6,141.34368421052633,108.99684210526316
Gorkha,Central Hills,7,101.73894736842105,52.49263157894737
Gorkha,Central Hills,8,107.71157894736842,64.57263157894738
Gorkha,Central Hills,9,113.1715789473684,89.36684210526316
Gorkha,Central Hills,10,129.11947368421053,142.8063157894737
Gorkha,Central Hills,11,109.89999999999999,144.09
Gorkha,Central Hills,12,105.64052631578947,157.24263157894737
Gulmi,Western Hills,1,101.75157894736842,126.32947368421054
Gulmi,Western Hills,2,114.59421052631579,127.68263157894735
Gulmi,Western Hills,3,165.03052631578947,173.05315789473684
Gulmi,Western Hills,4,183.15842105263158,179.19315789473686
Gulmi,Western Hills,5,182.24894736842106,164.74
Gulmi,Western Hills,6,142.6442105263158,109.35631578947368
Gulmi,Western Hills,7,107.73684210526316,62.752631578947366
Gulmi,Western Hills,8,110.43105263157895,69.46368421052631
Gulmi,Western Hills,9,114.60263157894735,91.32
Gulmi,Western Hills,10,125.00526315789473,127.4857894736842
Gulmi,Western Hills,11,104.51526315789474,125.96000000000001
Gulmi,Western Hills,12,88.76,111.20842105263158
Humla,High Mountain,1,113.91894736842106,169.1184210526316
Humla,High Mountain,2,121.50578947368422,146.11368421052632
Humla,High Mountain,3,169.77684210526317,177.33473684210526
Humla,High Mountain,4,192.76052631578946,184.7384210526316
Humla,High Mountain,5,203.97368421052633,175.28052631578947
Humla,High Mountain,6,176.86789473684212,135.3021052631579
Humla,High Mountain,7,135.49894736842106,73.46315789473684
Humla,High Mountain,8,132.0542105263158,78.19157894736843
Humla,High Mountain,9,134.29315789473685,109.65947368421054
Humla,High Mountain,10,140.24315789473684,166.1405263157895
Humla,High Mountain,11,117.37263157894736,170.57105263157894
Humla,High Mountain,12,110.19736842105263,180.41842105263157
Ilam,Eastern Hills,1,114.54368421052631,168.31
Ilam,Eastern Hills,2,122.2384210526316,157.6536842105263
Ilam,Eastern Hills,3,166.6484210526316,189.9805263157895
Ilam,Eastern Hills,4,173.08315789473684,175.21157894736842
Ilam,Eastern Hills,5,163.78947368421052,139.75578947368422
Ilam,Eastern Hills,6,123.82315789473684,87.90684210526315
Ilam,Eastern Hills,7,103.5336842105263,61.95315789473684
Ilam,Eastern Hills,8,112.04,73.66894736842106
Ilam,Eastern Hills,9,113.84105263157895,97.45947368421052
Ilam,Eastern Hills,10,131.59473684210528,148.8963157894737
Ilam,Eastern Hills,11,118.49052631578948,165.68473684210525
Ilam,Eastern Hills,12,109.69052631578947,170.07684210526315
Jajarkot,Mid-West Hills,1,122.49052631578948,180.34842105263158
Jajarkot,Mid-West Hills,2,132.36631578947367,166.64894736842106
Jajarkot,Mid-West Hills,3,182.2163157894737,209.95263157894738
Jajarkot,Mid-West Hills,4,200.0078947368421,211.65421052631578
Jajarkot,Mid-West Hills,5,200.72526315789472,189.47526315789472
Jajarkot,Mid-West Hills,6,159.10736842105263,130.07368421052632
Jajarkot,Mid-West Hills,7,108.33894736842106,59.68578947368421
Jajarkot,Mid-West Hills,8,112.46526315789474,71.11894736842105
Jajarkot,Mid-West Hills,9,123.72210526315789,104.68947368421053
Jajarkot,Mid-West Hills,10,139.7984210526316,160.42684210526318
Jajarkot,Mid-West Hills,11,122.56421052631578,174.33578947368423
Jajarkot,Mid-West Hills,12,115.03999999999999,181.07
Jhapa,Eastern Terai,1,119.47684210526316,177.58315789473684
Jhapa,Eastern Terai,2,129.7136842105263,170.94263157894736
Jhapa,Eastern Terai,3,174.6536842105263,205.51105263157896
Jhapa,Eastern Terai,4,175.9678947368421,177.16526315789474
Jhapa,Eastern Terai,5,164.25526315789475,139.29000000000002
Jhapa,Eastern Terai,6,124.99842105263157,87.98105263157895
Jhapa,Eastern Terai,7,109.05894736842104,67.04947368421053
Jhapa,Eastern Terai,8,115.69368421052631,78.67
Jhapa,Eastern Terai,9,115.68684210526317,99.05315789473684
Jhapa,Eastern Terai,10,133.82210526315788,155.5757894736842
Jhapa,Eastern Terai,11,122.94157894736841,173.41947368421054
Jhapa,Eastern Terai,12,114.08842105263157,178.22736842105263
Jumla,High Mountain,1,130.66947368421052,194.1936842105263
Jumla,High Mountain,2,146.3284210526316,192.29631578947368
Jumla,High Mountain,3,195.9578947368421,221.86315789473682
Jumla,High Mountain,4,202.60315789473685,198.74473684210525
Jumla,High Mountain,5,201.00052631578947,178.51736842105262
Jumla,High Mountain,6,168.80052631578948,137.57736842105265
Jumla,High Mountain,7,122.8378947368421,69.90947368421052
Jumla,High Mountain,8,121.25473684210527,74.31947368421052
Jumla,High Mountain,9,137.82947368421054,125.75684210526316
Jumla,High Mountain,10,155.32105263157894,198.16105263157894
Jumla,High Mountain,11,135.80315789473684,210.30052631578948
Jumla,High Mountain,12,125.13210526315791,209.22526315789474
Kailali,Far-West Terai,1,116.94789473684212,181.11631578947367
Kailali,Far-West Terai,2,130.20000000000002,176.11736842105265
Kailali,Far-West Terai,3,178.07526315789474,216.69789473684213
Kailali,Far-West Terai,4,196.24842105263158,216.18894736842105
Kailali,Far-West Terai,5,202.3736842105263,204.36
Kailali,Far-West Terai,6,166.42263157894735,147.30473684210526
Kailali,Far-West Terai,7,116.50210526315789,73.57684210526315
Kailali,Far-West Terai,8,119.22736842105265,83.01368421052632
Kailali,Far-West Terai,9,129.19736842105263,117.3521052631579
Kailali,Far-West Terai,10,143.6257894736842,182.26842105263157
Kailali,Far-West Terai,11,124.15736842105262,192.10473684210524
Kailali,Far-West Terai,12,114.10157894736841,187.52947368421053
Kalikot,Mid-West Hills,1,122.96894736842104,187.03736842105263
Kalikot,Mid-West Hills,2,135.16684210526316,177.3521052631579
Kalikot,Mid-West Hills,3,176.27684210526317,192.07210526315788
Kalikot,Mid-West Hills,4,187.47526315789474,179.20684210526315
Kalikot,Mid-West Hills,5,189.7978947368421,162.5457894736842
Kalikot,Mid-West Hills,6,154.49631578947367,115.08842105263157
Kalikot,Mid-West Hills,7,107.15684210526315,53.44684210526316
Kalikot,Mid-West Hills,8,108.20947368421052,60.7278947368421
Kalikot,Mid-West Hills,9,123.14999999999999,98.69842105263157
Kalikot,Mid-West Hills,10,140.83842105263156,160.7563157894737
Kalikot,Mid-West Hills,11,125.85315789473684,180.75105263157894
Kalikot,Mid-West Hills,12,119.23894736842105,195.92631578947368
Kanchanpur,Far-West Terai,1,116.41368421052633,176.91421052631577
Kanchanpur,Far-West Terai,2,130.1242105263158,174.62947368421052
Kanchanpur,Far-West Terai,3,177.9463157894737,209.01736842105262
Kanchanpur,Far-West Terai,4,196.5342105263158,209.53842105263158
Kanchanpur,Far-West Terai,5,202.87736842105264,199.19105263157894
Kanchanpur,Far-West Terai,6,168.49263157894737,148.57157894736844
Kanchanpur,Far-West Terai,7,114.56210526315789,73.23631578947368
Kanchanpur,Far-West Terai,8,116.98473684210526,79.7557894736842
Kanchanpur,Far-West Terai,9,131.4257894736842,121.75473684210527
Kanchanpur,Far-West Terai,10,144.7342105263158,182.41631578947369
Kanchanpur,Far-West Terai,11,123.47526315789474,183.13368421052633
Kanchanpur,Far-West Terai,12,113.83368421052633,187.22526315789474
Kapilvastu,Western Terai,1,119.90578947368421,181.0978947368421
Kapilvastu,Western Terai,2,132.50368421052633,179.92105263157896
Kapilvastu,Western Terai,3,185.7157894736842,224.59473684210528
Kapilvastu,Western Terai,4,203.14315789473685,229.71894736842106
Kapilvastu,Western Terai,5,205.21263157894737,208.28526315789475
Kapilvastu,Western Terai,6,163.41105263157894,143.10052631578947
Kapilvastu,Western Terai,7,122.14999999999999,83.2836842105263
Kapilvastu,Western Terai,8,124.20157894736842,92.03631578947369
Kapilvastu,Western Terai,9,127.08684210526316,116.96684210526315
Kapilvastu,Western Terai,10,141.58578947368423,173.8078947368421
Kapilvastu,Western Terai,11,122.97421052631577,180.72842105263157
Kapilvastu,Western Terai,12,113.26736842105262,181.8394736842105
Kaski,Western Hills,1,115.34684210526316,177.67526315789473
Kaski,Western Hills,2,122.33368421052633,165.54894736842104
Kaski,Western Hills,3,172.17526315789473,202.7878947368421
Kaski,Western Hills,4,185.9521052631579,192.24052631578948
Kaski,Western Hills,5,179.5921052631579,167.08052631578946
Kaski,Western Hills,6,137.83315789473684,105.2
Kaski,Western Hills,7,102.98157894736842,56.82947368421053
Kaski,Western Hills,8,107.67052631578947,66.61368421052632
Kaski,Western Hills,9,114.3863157894737,94.48947368421052
Kaski,Western Hills,10,135.0357894736842,159.0584210526316
Kaski,Western Hills,11,116.78421052631579,172.22052631578947
Kaski,Western Hills,12,110.34210526315789,183.4621052631579
Kathmandu,Central Hills,1,120.02947368421053,183.70263157894738
Kathmandu,Central Hills,2,128.59421052631578,171.73736842105265
Kathmandu,Central Hills,3,173.97052631578947,204.54631578947368
Kathmandu,Central Hills,4,188.15684210526317,200.7878947368421
Kathmandu,Central Hills,5,183.5536842105263,173.23315789473682
Kathmandu,Central Hills,6,144.1678947368421,111.65421052631578
Kathmandu,Central Hills,7,107.39526315789473,58.992631578947375
Kathmandu,Central Hills,8,115.35947368421053,72.64684210526316
Kathmandu,Central Hills,9,118.41105263157894,97.25210526315789
Kathmandu,Central Hills,10,132.03052631578947,151.57
Kathmandu,Central Hills,11,117.03263157894736,165.82947368421054
Kathmandu,Central Hills,12,111.48526315789475,179.84157894736842
Kavrepalanchok,Central Hills,1,117.18947368421053,161.3684210526316
Kavrepalanchok,Central Hills,2,123.07263157894738,141.59368421052633
Kavrepalanchok,Central Hills,3,167.84,175.7526315789474
Kavrepalanchok,Central Hills,4,181.83684210526317,175.31631578947366
Kavrepalanchok,Central Hills,5,179.38052631578947,157.59578947368422
Kavrepalanchok,Central Hills,6,140.1184210526316,102.02736842105263
Kavrepalanchok,Central Hills,7,101.7036842105263,51.36842105263158
Kavrepalanchok,Central Hills,8,108.07421052631578,59.900000000000006
Kavrepalanchok,Central Hills,9,112.91368421052633,82.31473684210526
Kavrepalanchok,Central Hills,10,128.4973684210526,135.65736842105264
Kavrepalanchok,Central Hills,11,113.12157894736842,144.38684210526316
Kavrepalanchok,Central Hills,12,105.71789473684211,146.1878947368421
Khotang,Eastern Hills,1,112.5657894736842,148.4036842105263
Khotang,Eastern Hills,2,117.21894736842104,134.77947368421053
Khotang,Eastern Hills,3,164.7921052631579,177.9763157894737
Khotang,Eastern Hills,4,173.00421052631577,162.99052631578948
Khotang,Eastern Hills,5,164.88631578947368,135.75473684210527
Khotang,Eastern Hills,6,126.82526315789472,85.54473684210525
Khotang,Eastern Hills,7,101.38263157894737,53.53105263157895
Khotang,Eastern Hills,8,108.38052631578948,62.36368421052632
Khotang,Eastern Hills,9,109.57473684210527,83.67210526315789
Khotang,Eastern Hills,10,127.66263157894737,133.52631578947367
Khotang,Eastern Hills,11,111.5478947368421,140.35263157894735
Khotang,Eastern Hills,12,104.33947368421053,142.73263157894738
Lalitpur,Central Hills,1,119.95052631578947,182.23736842105262
Lalitpur,Central Hills,2,128.2242105263158,167.9421052631579
Lalitpur,Central Hills,3,173.97052631578947,204.44105263157894
Lalitpur,Central Hills,4,188.22421052631577,202.2821052631579
Lalitpur,Central Hills,5,183.5536842105263,173.25421052631577
Lalitpur,Central Hills,6,144.1678947368421,111.67526315789473
Lalitpur,Central Hills,7,107.39526315789473,58.997894736842106
Lalitpur,Central Hills,8,115.35789473684211,72.60947368421053
Lalitpur,Central Hills,9,118.41105263157894,97.21368421052631
Lalitpur,Central Hills,10,131.90894736842105,149.65105263157895
Lalitpur,Central Hills,11,117.03263157894736,165.6315789473684
Lalitpur,Central Hills,12,111.48684210526316,179.55736842105264
Lamjung,Western Hills,1,114.8,170.13315789473685
Lamjung,Western Hills,2,122.6236842105263,158.41210526315788
Lamjung,Western Hills,3,171.14684210526315,195.64947368421053
Lamjung,Western Hills,4,186.88631578947368,193.44368421052633
Lamjung,Western Hills,5,180.5,164.38473684210527
Lamjung,Western Hills,6,138.48684210526315,103.39947368421052
Lamjung,Western Hills,7,101.68894736842105,53.68631578947368
Lamjung,Western Hills,8,106.65368421052632,63.23894736842105
Lamjung,Western Hills,9,113.95842105263158,91.32368421052632
Lamjung,Western Hills,10,135.57894736842104,157.61894736842106
Lamjung,Western Hills,11,116.34473684210528,166.0363157894737
Lamjung,Western Hills,12,108.33947368421052,170.41368421052633
Mahottari,Madhesh Terai,1,124.53421052631579,193.4321052631579
Mahottari,Madhesh Terai,2,137.5978947368421,188.44315789473686
Mahottari,Madhesh Terai,3,186.75526315789475,227.0157894736842
Mahottari,Madhesh Terai,4,200.5936842105263,221.51526315789474
Mahottari,Madhesh Terai,5,197.06052631578947,195.11
Mahottari,Madhesh Terai,6,158.25526315789475,134.40947368421052
Mahottari,Madhesh Terai,7,124.67315789473685,86.17736842105262
Mahottari,Madhesh Terai,8,127.75842105263158,96.00684210526315
Mahottari,Madhesh Terai,9,126.21263157894737,114.53263157894736
Mahottari,Madhesh Terai,10,141.7784210526316,170.43736842105264
Mahottari,Madhesh Terai,11,127.63736842105264,186.42631578947368
Mahottari,Madhesh Terai,12,117.26894736842105,188.77315789473684
Makwanpur,Central Hills,1,121.64368421052632,191.71105263157892
Makwanpur,Central Hills,2,132.48368421052632,180.41315789473683
Makwanpur,Central Hills,3,180.17736842105262,215.72894736842107
Makwanpur,Central Hills,4,194.65052631578948,215.07947368421054
Makwanpur,Central Hills,5,192.2042105263158,189.24684210526317
Makwanpur,Central Hills,6,153.1094736842105,127.65894736842105
Makwanpur,Central Hills,7,116.5115789473684,74.54736842105264
Makwanpur,Central Hills,8,122.71368421052631,87.68263157894737
Makwanpur,Central Hills,9,123.28473684210526,108.87157894736842
Makwanpur,Central Hills,10,137.72842105263157,164.71473684210525
Makwanpur,Central Hills,11,122.40894736842105,178.34368421052633
Makwanpur,Central Hills,12,114.08578947368422,186.20473684210526
Manang,High Mountain,1,126.11789473684209,159.41473684210527
Manang,High Mountain,2,140.20947368421054,155.57947368421054
Manang,High Mountain,3,195.82368421052632,196.9557894736842
Manang,High Mountain,4,213.21842105263158,192.06157894736842
Manang,High Mountain,5,208.03052631578947,165.1342105263158
Manang,High Mountain,6,154.24,109.75368421052633
Manang,High Mountain,7,116.55368421052631,63.300000000000004
Manang,High Mountain,8,118.00421052631579,69.80157894736843
Manang,High Mountain,9,126.24894736842106,102.08421052631579
Manang,High Mountain,10,147.9,162.16
Manang,High Mountain,11,127.44789473684209,165.18421052631578
Manang,High Mountain,12,112.47052631578947,148.80263157894737
Morang,Eastern Terai,1,121.81842105263159,181.31578947368422
Morang,Eastern Terai,2,131.86368421052632,173.59526315789472
Morang,Eastern Terai,3,176.86631578947367,208.46105263157895
Morang,Eastern Terai,4,181.23473684210526,185.44
Morang,Eastern Terai,5,169.26631578947368,146.8421052631579
Morang,Eastern Terai,6,131.11947368421053,93.53421052631579
Morang,Eastern Terai,7,112.63842105263159,70.69684210526316
Morang,Eastern Terai,8,119.17157894736843,82.33
Morang,Eastern Terai,9,117.49736842105263,100.43052631578948
Morang,Eastern Terai,10,134.15157894736842,154.39263157894737
Morang,Eastern Terai,11,123.10736842105263,172.04736842105262
Morang,Eastern Terai,12,115.14157894736843,178.45315789473685
Mugu,High Mountain,1,93.67947368421054,97.68894736842105
Mugu,High Mountain,2,118.40526315789472,109.26736842105262
Mugu,High Mountain,3,182.20684210526315,162.54947368421054
Mugu,High Mountain,4,205.61947368421053,161.97
Mugu,High Mountain,5,208.71263157894737,151.5194736842105
Mugu,High Mountain,6,174.1757894736842,123.36947368421052
Mugu,High Mountain,7,131.2378947368421,64.40105263157893
Mugu,High Mountain,8,127.55473684210526,66.35526315789474
Mugu,High Mountain,9,133.15842105263158,99.53684210526316
Mugu,High Mountain,10,138.0742105263158,139.04947368421054
Mugu,High Mountain,11,99.36894736842105,117.35000000000001
Mugu,High Mountain,12,89.2078947368421,110.2057894736842
Mustang,High Mountain,1,140.78947368421052,212.5115789473684
Mustang,High Mountain,2,152.26263157894738,188.38947368421054
Mustang,High Mountain,3,209.08315789473684,234.5515789473684
Mustang,High Mountain,4,226.86315789473682,229.88631578947368
Mustang,High Mountain,5,224.5415789473684,206.92315789473685
Mustang,High Mountain,6,181.47,149.21052631578948
Mustang,High Mountain,7,144.05736842105264,90.28947368421052
Mustang,High Mountain,8,142.45947368421054,97.47368421052632
Mustang,High Mountain,9,149.4978947368421,132.4715789473684
Mustang,High Mountain,10,163.39315789473685,201.4663157894737
Mustang,High Mountain,11,136.42,207.35631578947368
Mustang,High Mountain,12,129.01315789473685,216.65526315789472
Myagdi,Western Hills,1,100.58315789473684,129.4621052631579
Myagdi,Western Hills,2,105.31684210526316,112.96105263157894
Myagdi,Western Hills,3,159.43368421052634,163.02157894736843
Myagdi,Western Hills,4,172.1236842105263,150.95894736842106
Myagdi,Western Hills,5,165.0257894736842,123.55105263157894
Myagdi,Western Hills,6,128.41421052631577,79.51
Myagdi,Western Hills,7,99.13052631578948,44.80368421052631
Myagdi,Western Hills,8,102.7836842105263,53.1978947368421
Myagdi,Western Hills,9,109.38473684210526,78.84631578947368
Myagdi,Western Hills,10,124.02157894736841,125.50473684210527
Myagdi,Western Hills,11,106.66789473684211,134.82894736842104
Myagdi,Western Hills,12,97.59368421052632,133.12894736842105
Nawalpur,Inner Terai,1,118.65578947368421,174.69894736842107
Nawalpur,Inner Terai,2,128.31947368421052,168.16684210526316
Nawalpur,Inner Terai,3,178.58842105263156,213.25315789473683
Nawalpur,Inner Terai,4,192.82894736842104,206.27315789473684
Nawalpur,Inner Terai,5,188.90842105263158,185.90578947368422
Nawalpur,Inner Terai,6,148.56947368421052,124.03473684210526
Nawalpur,Inner Terai,7,112.61105263157896,71.29684210526317
Nawalpur,Inner Terai,8,117.33842105263157,82.20842105263158
Nawalpur,Inner Terai,9,118.53842105263158,101.64894736842105
Nawalpur,Inner Terai,10,135.91105263157894,161.33789473684212
Nawalpur,Inner Terai,11,120.06263157894738,175.52052631578945
Nawalpur,Inner Terai,12,112.59947368421052,175.21526315789475
Nuwakot,Central Hills,1,118.82473684210527,175.32
Nuwakot,Central Hills,2,126.73526315789472,165.71263157894737
Nuwakot,Central Hills,3,173.36684210526317,203.85526315789474
Nuwakot,Central Hills,4,186.96,191.7015789473684
Nuwakot,Central Hills,5,182.9678947368421,168.1605263157895
Nuwakot,Central Hills,6,142.98631578947368,107.3878947368421
Nuwakot,Central Hills,7,104.96473684210525,52.38157894736842
Nuwakot,Central Hills,8,112.59210526315789,65.47736842105263
Nuwakot,Central Hills,9,117.14421052631577,92.4257894736842
Nuwakot,Central Hills,10,132.25526315789475,149.42105263157896
Nuwakot,Central Hills,11,116.45315789473685,167.51473684210526
Nuwakot,Central Hills,12,110.79842105263158,178.88631578947368
Okhaldhunga,Central Hills,1,107.79842105263158,142.67789473684212
Okhaldhunga,Central Hills,2,118.48526315789472,135.54368421052632
Okhaldhunga,Central Hills,3,162.42526315789473,167.85684210526315
Okhaldhunga,Central Hills,4,179.52421052631578,172.24263157894737
Okhaldhunga,Central Hills,5,165.9357894736842,131.82105263157894
Okhaldhunga,Central Hills,6,127.88894736842104,82.73052631578946
Okhaldhunga,Central Hills,7,99.18315789473684,47.41789473684211
Okhaldhunga,Central Hills,8,106.44368421052631,58.96052631578947
Okhaldhunga,Central Hills,9,109.33,79.68736842105262
Okhaldhunga,Central Hills,10,123.4278947368421,122.92
Okhaldhunga,Central Hills,11,112.80736842105264,144.5478947368421
Okhaldhunga,Central Hills,12,108.52157894736841,157.85263157894735
Palpa,Western Hills,1,116.7021052631579,174.79473684210527
Palpa,Western Hills,2,125.14105263157894,161.5321052631579
Palpa,Western Hills,3,176.95052631578946,209.79000000000002
Palpa,Western Hills,4,191.3057894736842,200.55947368421053
Palpa,Western Hills,5,186.93315789473684,176.45263157894738
Palpa,Western Hills,6,146.92368421052632,117.08263157894737
Palpa,Western Hills,7,111.84789473684211,68.70052631578947
Palpa,Western Hills,8,115.28315789473685,77.47999999999999
Palpa,Western Hills,9,118.97894736842105,102.41473684210527
Palpa,Western Hills,10,135.3421052631579,161.97473684210527
Palpa,Western Hills,11,117.29736842105264,169.0536842105263
Palpa,Western Hills,12,110.58210526315789,171.54052631578946
Panchthar,Eastern Hills,1,107.13052631578948,147.7273684210526
Panchthar,Eastern Hills,2,112.68,134.60473684210524
Panchthar,Eastern Hills,3,155.90842105263158,167.36263157894737
Panchthar,Eastern Hills,4,168.01684210526318,161.71842105263158
Panchthar,Eastern Hills,5,161.60631578947368,134.1878947368421
Panchthar,Eastern Hills,6,122.76105263157895,84.15052631578946
Panchthar,Eastern Hills,7,99.21052631578948,55.335263157894744
Panchthar,Eastern Hills,8,108.84473684210528,67.6978947368421
Panchthar,Eastern Hills,9,111.73684210526316,91.82894736842105
Panchthar,Eastern Hills,10,127.91947368421054,141.88631578947368
Panchthar,Eastern Hills,11,110.4642105263158,144.6536842105263
Panchthar,Eastern Hills,12,102.44052631578947,149.15
Parasi,Western Terai,1,119.09,179.1405263157895
Parasi,Western Terai,2,129.54631578947368,173.44842105263157
Parasi,Western Terai,3,181.14157894736843,216.27631578947367
Parasi,Western Terai,4,197.00578947368422,219.39263157894737
Parasi,Western Terai,5,194.9515789473684,192.9457894736842
Parasi,Western Terai,6,154.1042105263158,130.10526315789474
Parasi,Western Terai,7,117.03105263157896,76.37210526315789
Parasi,Western Terai,8,120.41684210526316,86.25736842105263
Parasi,Western Terai,9,121.96999999999998,108.48315789473683
Parasi,Western Terai,10,138.16,166.05894736842106
Parasi,Western Terai,11,121.22157894736843,176.47368421052633
Parasi,Western Terai,12,113.56368421052632,183.18421052631578
Parbat,Western Hills,1,103.59894736842107,146.63105263157897
Parbat,Western Hills,2,114.41526315789473,138.13263157894735
Parbat,Western Hills,3,160.85,168.5742105263158
Parbat,Western Hills,4,175.58157894736843,166.07631578947368
Parbat,Western Hills,5,172.6963157894737,143.7857894736842
Parbat,Western Hills,6,133.95000000000002,92.6478947368421
Parbat,Western Hills,7,102.26578947368421,52.1978947368421
Parbat,Western Hills,8,105.40578947368421,60.56736842105263
Parbat,Western Hills,9,108.66894736842106,80.10105263157895
Parbat,Western Hills,10,125.8078947368421,134.47684210526316
Parbat,Western Hills,11,108.40684210526315,140.84263157894736
Parbat,Western Hills,12,100.4478947368421,147.05105263157895
Parsa,Madhesh Terai,1,124.01947368421052,195.48368421052632
Parsa,Madhesh Terai,2,136.50578947368422,187.43578947368422
Parsa,Madhesh Terai,3,185.4363157894737,224.8236842105263
Parsa,Madhesh Terai,4,200.66947368421052,224.03631578947366
Parsa,Madhesh Terai,5,199.86526315789473,200.91105263157894
Parsa,Madhesh Terai,6,160.54315789473685,138.64526315789476
Parsa,Madhesh Terai,7,123.78315789473685,85.23105263157895
Parsa,Madhesh Terai,8,128.06421052631578,96.71052631578948
Parsa,Madhesh Terai,9,126.43631578947368,115.14894736842105
Parsa,Madhesh Terai,10,142.00368421052633,172.64947368421053
Parsa,Madhesh Terai,11,127.46894736842104,188.03263157894736
Parsa,Madhesh Terai,12,117.69052631578947,192.38842105263157
Pyuthan,Mid-West Hills,1,117.1363157894737,173.04000000000002
Pyuthan,Mid-West Hills,2,126.38,157.0278947368421
Pyuthan,Mid-West Hills,3,175.7357894736842,196.68684210526317
Pyuthan,Mid-West Hills,4,191.2957894736842,196.73263157894738
Pyuthan,Mid-West Hills,5,189.09578947368422,173.33578947368423
Pyuthan,Mid-West Hills,6,151.13263157894735,120.90421052631578
Pyuthan,Mid-West Hills,7,113.1478947368421,68.76157894736842
Pyuthan,Mid-West Hills,8,115.99947368421051,77.96789473684211
Pyuthan,Mid-West Hills,9,121.72157894736843,103.94000000000001
Pyuthan,Mid-West Hills,10,135.40052631578948,157.97842105263157
Pyuthan,Mid-West Hills,11,113.5915789473684,150.00421052631577
Pyuthan,Mid-West Hills,12,108.54263157894736,162.24631578947367
Ramechhap,Eastern Hills,1,117.28052631578947,161.0115789473684
Ramechhap,Eastern Hills,2,128.04052631578946,157.1536842105263
Ramechhap,Eastern Hills,3,176.7142105263158,203.96157894736842
Ramechhap,Eastern Hills,4,189.09052631578948,201.02105263157895
Ramechhap,Eastern Hills,5,179.0963157894737,164.43473684210528
Ramechhap,Eastern Hills,6,138.35052631578947,105.75631578947367
Ramechhap,Eastern Hills,7,103.14315789473685,58.42473684210526
Ramechhap,Eastern Hills,8,109.63842105263159,70.58894736842106
Ramechhap,Eastern Hills,9,114.35789473684211,93.83263157894737
Ramechhap,Eastern Hills,10,132.7078947368421,148.9884210526316
Ramechhap,Eastern Hills,11,116.32526315789472,152.59157894736842
Ramechhap,Eastern Hills,12,108.42578947368422,154.29631578947368
Rasuwa,Central Hills,1,121.31947368421054,181.70052631578946
Rasuwa,Central Hills,2,130.33684210526317,168.5963157894737
Rasuwa,Central Hills,3,177.34473684210528,201.33631578947367
Rasuwa,Central Hills,4,194.71052631578948,200.41894736842104
Rasuwa,Central Hills,5,192.23947368421054,174.15947368421052
Rasuwa,Central Hills,6,153.92473684210526,115.69789473684212
Rasuwa,Central Hills,7,115.52105263157895,59.95473684210527
Rasuwa,Central Hills,8,121.48210526315789,72.30473684210526
Rasuwa,Central Hills,9,125.49894736842106,99.12
Rasuwa,Central Hills,10,139.32526315789474,158.9515789473684
Rasuwa,Central Hills,11,121.34473684210528,173.64315789473685
Rasuwa,Central Hills,12,112.49526315789473,176.0536842105263
Rautahat,Madhesh Terai,1,125.52263157894735,197.38473684210527
Rautahat,Madhesh Terai,2,138.6463157894737,191.0321052631579
Rautahat,Madhesh Terai,3,187.5063157894737,228.28052631578947
Rautahat,Madhesh Terai,4,202.15473684210528,225.17
Rautahat,Madhesh Terai,5,200.16631578947369,200.01526315789474
Rautahat,Madhesh Terai,6,161.65526315789472,138.99526315789473
Rautahat,Madhesh Terai,7,125.9757894736842,87.51105263157895
Rautahat,Madhesh Terai,8,129.0363157894737,97.48684210526316
Rautahat,Madhesh Terai,9,127.13052631578948,115.88578947368421
Rautahat,Madhesh Terai,10,142.88684210526316,172.6321052631579
Rautahat,Madhesh Terai,11,128.98105263157893,189.81473684210528
Rautahat,Madhesh Terai,12,118.63105263157894,192.92894736842106
Rolpa,Mid-West Hills,1,110.32157894736842,147.57368421052632
Rolpa,Mid-West Hills,2,120.09421052631579,143.0563157894737
Rolpa,Mid-West Hills,3,166.30052631578948,176.80157894736843
Rolpa,Mid-West Hills,4,184.71473684210525,177.83736842105262
Rolpa,Mid-West Hills,5,184.5705263157895,163.0894736842105
Rolpa,Mid-West Hills,6,149.3463157894737,116.0657894736842
Rolpa,Mid-West Hills,7,111.87105263157896,64.4042105263158
Rolpa,Mid-West Hills,8,114.74736842105263,72.1821052631579
Rolpa,Mid-West Hills,9,119.09473684210525,95.83578947368422
Rolpa,Mid-West Hills,10,124.83842105263157,133.03052631578947
Rolpa,Mid-West Hills,11,105.90526315789474,134.6042105263158
Rolpa,Mid-West Hills,12,102.19421052631579,146.3815789473684
Rukum_East,Mid-West Hills,1,115.17052631578949,159.53842105263158
Rukum_East,Mid-West Hills,2,124.89473684210526,151.18157894736842
Rukum_East,Mid-West Hills,3,171.1836842105263,183.89684210526315
Rukum_East,Mid-West Hills,4,187.3321052631579,184.5336842105263
Rukum_East,Mid-West Hills,5,189.1094736842105,169.85789473684213
Rukum_East,Mid-West Hills,6,151.12842105263158,116.87684210526315
Rukum_East,Mid-West Hills,7,108.8736842105263,57.47736842105263
Rukum_East,Mid-West Hills,8,111.92105263157895,67.7742105263158
Rukum_East,Mid-West Hills,9,117.31842105263159,90.39999999999999
Rukum_East,Mid-West Hills,10,131.70368421052632,142.20263157894738
Rukum_East,Mid-West Hills,11,110.41947368421052,142.0921052631579
Rukum_East,Mid-West Hills,12,103.46631578947368,145.2984210526316
Rukum_West,Mid-West Hills,1,112.07263157894738,161.87526315789475
Rukum_West,Mid-West Hills,2,121.81631578947369,147.48263157894738
Rukum_West,Mid-West Hills,3,169.4663157894737,183.73210526315788
Rukum_West,Mid-West Hills,4,191.54947368421054,188.98894736842104
Rukum_West,Mid-West Hills,5,192.47578947368422,169.99157894736842
Rukum_West,Mid-West Hills,6,156.77315789473684,119.98105263157895
Rukum_West,Mid-West Hills,7,112.30631578947369,60.04789473684211
Rukum_West,Mid-West Hills,8,114.32684210526315,69.17631578947368
Rukum_West,Mid-West Hills,9,125.01631578947368,103.62947368421052
Rukum_West,Mid-West Hills,10,137.06947368421052,156.4621052631579
Rukum_West,Mid-West Hills,11,111.24473684210527,156.90473684210528
Rukum_West,Mid-West Hills,12,99.99526315789474,151.91736842105263
Rupandehi,Western Terai,1,119.20894736842104,179.5115789473684
Rupandehi,Western Terai,2,131.08,176.6578947368421
Rupandehi,Western Terai,3,183.76736842105262,220.93526315789475
Rupandehi,Western Terai,4,200.40578947368422,225.64947368421053
Rupandehi,Western Terai,5,200.52789473684211,201.30947368421053
Rupandehi,Western Terai,6,159.16473684210527,137.41526315789474
Rupandehi,Western Terai,7,119.6621052631579,80.41842105263159
Rupandehi,Western Terai,8,122.23526315789472,89.38263157894737
Rupandehi,Western Terai,9,124.73315789473683,113.10263157894735
Rupandehi,Western Terai,10,139.8857894736842,169.9621052631579
Rupandehi,Western Terai,11,121.91894736842106,178.09526315789472
Rupandehi,Western Terai,12,112.95789473684209,181.32842105263157
Salyan,Mid-West Hills,1,108.90631578947368,139.09157894736842
Salyan,Mid-West Hills,2,121.07842105263157,138.51631578947368
Salyan,Mid-West Hills,3,171.87473684210525,179.66842105263157
Salyan,Mid-West Hills,4,190.97526315789474,185.05052631578948
Salyan,Mid-West Hills,5,198.81,182.36526315789473
Salyan,Mid-West Hills,6,158.2215789473684,126.19842105263157
Salyan,Mid-West Hills,7,110.83315789473684,61.81052631578948
Salyan,Mid-West Hills,8,114.70473684210526,71.10894736842106
Salyan,Mid-West Hills,9,117.76736842105262,88.57473684210527
Salyan,Mid-West Hills,10,130.4421052631579,135.93684210526317
Salyan,Mid-West Hills,11,106.32368421052632,128.41
Salyan,Mid-West Hills,12,101.68736842105262,138.31684210526316
Sankhuwasabha,Eastern Mountain,1,121.04736842105264,180.02631578947367
Sankhuwasabha,Eastern Mountain,2,125.97947368421053,164.80684210526314
Sankhuwasabha,Eastern Mountain,3,170.7305263157895,200.63526315789474
Sankhuwasabha,Eastern Mountain,4,182.1573684210526,186.0673684210526
Sankhuwasabha,Eastern Mountain,5,172.1936842105263,150.93684210526317
Sankhuwasabha,Eastern Mountain,6,131.09473684210528,93.76105263157895
Sankhuwasabha,Eastern Mountain,7,102.71736842105264,56.37263157894736
Sankhuwasabha,Eastern Mountain,8,112.19105263157896,68.22736842105263
Sankhuwasabha,Eastern Mountain,9,114.8178947368421,93.42315789473685
Sankhuwasabha,Eastern Mountain,10,136.69842105263157,156.26842105263157
Sankhuwasabha,Eastern Mountain,11,121.85631578947368,172.4515789473684
Sankhuwasabha,Eastern Mountain,12,114.52473684210526,177.8757894736842
Saptari,Madhesh Terai,1,122.2257894736842,181.33473684210526
Saptari,Madhesh Terai,2,133.3278947368421,175.86052631578946
Saptari,Madhesh Terai,3,180.45000000000002,214.10631578947368
Saptari,Madhesh Terai,4,189.4463157894737,199.24052631578948
Saptari,Madhesh Terai,5,178.83578947368423,163.04894736842104
Saptari,Madhesh Terai,6,140.38315789473683,106.35842105263157
Saptari,Madhesh Terai,7,117.12473684210526,75.59315789473685
Saptari,Madhesh Terai,8,121.52947368421053,85.35631578947368
Saptari,Madhesh Terai,9,119.09894736842107,102.21473684210525
Saptari,Madhesh Terai,10,134.33,154.26263157894735
Saptari,Madhesh Terai,11,122.52000000000001,170.20894736842106
Saptari,Madhesh Terai,12,113.9663157894737,174.18
Sarlahi,Madhesh Terai,1,122.79,192.2384210526316
Sarlahi,Madhesh Terai,2,134.91210526315788,184.70052631578946
Sarlahi,Madhesh Terai,3,183.81315789473683,223.0057894736842
Sarlahi,Madhesh Terai,4,197.08315789473684,217.6415789473684
Sarlahi,Madhesh Terai,5,193.32894736842104,190.68315789473684
Sarlahi,Madhesh Terai,6,154.08157894736843,129.78526315789475
Sarlahi,Madhesh Terai,7,119.64105263157896,80.48894736842105
Sarlahi,Madhesh Terai,8,124.20789473684209,91.78526315789475
Sarlahi,Madhesh Terai,9,124.59842105263158,112.67210526315789
Sarlahi,Madhesh Terai,10,140.06,168.91736842105263
Sarlahi,Madhesh Terai,11,124.91842105263157,182.64
Sarlahi,Madhesh Terai,12,115.07578947368421,186.53105263157894
Sindhuli,Central Hills,1,110.86736842105263,145.02157894736843
Sindhuli,Central Hills,2,127.34684210526316,154.25736842105263
Sindhuli,Central Hills,3,173.68105263157895,192.3815789473684
Sindhuli,Central Hills,4,190.75894736842105,194.9642105263158
Sindhuli,Central Hills,5,186.1357894736842,170.5
Sindhuli,Central Hills,6,146.68842105263158,113.68578947368422
Sindhuli,Central Hills,7,115.42736842105262,71.45894736842105
Sindhuli,Central Hills,8,120.29894736842104,82.08157894736841
Sindhuli,Central Hills,9,118.71052631578948,95.13263157894737
Sindhuli,Central Hills,10,132.54947368421054,143.6094736842105
Sindhuli,Central Hills,11,115.38263157894737,153.02
Sindhuli,Central Hills,12,105.34684210526315,148.6463157894737
Sindhupalchok,Central Hills,1,110.22684210526316,152.64894736842106
Sindhupalchok,Central Hills,2,114.66526315789473,133.32684210526315
Sindhupalchok,Central Hills,3,160.85894736842107,166.96526315789475
Sindhupalchok,Central Hills,4,174.69315789473686,161.50315789473683
Sindhupalchok,Central Hills,5,173.67052631578946,145.4936842105263
Sindhupalchok,Central Hills,6,137.2957894736842,94.33052631578947
Sindhupalchok,Central Hills,7,99.31894736842105,44.52421052631579
Sindhupalchok,Central Hills,8,105.37684210526317,52.891052631578944
Sindhupalchok,Central Hills,9,108.48368421052632,73.28894736842105
Sindhupalchok,Central Hills,10,121.82736842105264,123.66315789473684
Sindhupalchok,Central Hills,11,107.3978947368421,136.88052631578947
Sindhupalchok,Central Hills,12,105.08526315789473,154.10473684210524
Siraha,Eastern Terai,1,124.28473684210526,188.67473684210526
Siraha,Eastern Terai,2,137.10736842105263,185.0557894736842
Siraha,Eastern Terai,3,185.49315789473684,223.70000000000002
Siraha,Eastern Terai,4,197.7178947368421,214.14947368421053
Siraha,Eastern Terai,5,190.71947368421053,182.40105263157895
Siraha,Eastern Terai,6,152.01368421052632,123.37315789473685
Siraha,Eastern Terai,7,123.33736842105263,83.18
Siraha,Eastern Terai,8,125.93473684210528,91.95473684210526
Siraha,Eastern Terai,9,123.27157894736841,108.86263157894736
Siraha,Eastern Terai,10,138.18421052631578,161.9463157894737
Siraha,Eastern Terai,11,125.85631578947368,179.41736842105263
Siraha,Eastern Terai,12,116.45421052631579,183.04631578947368
Solukhumbu,Central Hills,1,120.50578947368422,175.66473684210527
Solukhumbu,Central Hills,2,135.9936842105263,174.83315789473684
Solukhumbu,Central Hills,3,181.41105263157894,202.20947368421054
Solukhumbu,Central Hills,4,190.80315789473684,185.4221052631579
Solukhumbu,Central Hills,5,180.2473684210526,153.12052631578948
Solukhumbu,Central Hills,6,138.16842105263157,95.48736842105264
Solukhumbu,Central Hills,7,103.8078947368421,50.18578947368421
Solukhumbu,Central Hills,8,108.22315789473683,57.32210526315789
Solukhumbu,Central Hills,9,111.69105263157896,81.22315789473684
Solukhumbu,Central Hills,10,133.72684210526316,140.92842105263156
Solukhumbu,Central Hills,11,121.26684210526317,164.49947368421053
Solukhumbu,Central Hills,12,111.07894736842105,168.1015789473684
Sunsari,Eastern Terai,1,117.82578947368421,170.81631578947366
Sunsari,Eastern Terai,2,125.00842105263158,158.9584210526316
Sunsari,Eastern Terai,3,169.7721052631579,195.72473684210527
Sunsari,Eastern Terai,4,178.30736842105264,182.96684210526314
Sunsari,Eastern Terai,5,166.3757894736842,145.18421052631578
Sunsari,Eastern Terai,6,128.4478947368421,91.74105263157894
Sunsari,Eastern Terai,7,106.60263157894737,64.07631578947368
Sunsari,Eastern Terai,8,114.77157894736841,76.2778947368421
Sunsari,Eastern Terai,9,114.46684210526315,96.73263157894738
Sunsari,Eastern Terai,10,130.9515789473684,149.20736842105262
Sunsari,Eastern Terai,11,117.27052631578947,159.02157894736843
Sunsari,Eastern Terai,12,110.33631578947367,166.06
Surkhet,Mid-West Hills,1,121.72684210526316,194.4
Surkhet,Mid-West Hills,2,133.7378947368421,183.19894736842107
Surkhet,Mid-West Hills,3,183.7221052631579,226.74157894736842
Surkhet,Mid-West Hills,4,201.56894736842105,224.46894736842106
Surkhet,Mid-West Hills,5,206.27631578947367,211.9436842105263
Surkhet,Mid-West Hills,6,165.69894736842107,148.2221052631579
Surkhet,Mid-West Hills,7,111.12157894736842,68.24315789473685
Surkhet,Mid-West Hills,8,115.68631578947368,78.8221052631579
Surkhet,Mid-West Hills,9,126.63105263157894,113.9321052631579
Surkhet,Mid-West Hills,10,143.51263157894735,181.78894736842108
Surkhet,Mid-West Hills,11,123.95473684210526,190.24631578947367
Surkhet,Mid-West Hills,12,115.65052631578948,189.36631578947367
Syangja,Western Hills,1,112.95473684210526,153.35105263157894
Syangja,Western Hills,2,120.24157894736842,144.7915789473684
Syangja,Western Hills,3,172.23157894736843,193.0363157894737
Syangja,Western Hills,4,185.98684210526315,185.9584210526316
Syangja,Western Hills,5,181.51157894736843,162.66368421052633
Syangja,Western Hills,6,142.07894736842104,107.22947368421052
Syangja,Western Hills,7,108.84684210526316,62.55578947368421
Syangja,Western Hills,8,112.74578947368421,71.44736842105263
Syangja,Western Hills,9,114.9678947368421,92.36
Syangja,Western Hills,10,131.78842105263158,144.71684210526314
Syangja,Western Hills,11,113.05736842105264,150.42105263157896
Syangja,Western Hills,12,107.28684210526316,157.5415789473684
Tanahun,Western Hills,1,115.31315789473683,167.46263157894737
Tanahun,Western Hills,2,125.23210526315789,162.55736842105264
Tanahun,Western Hills,3,173.53263157894736,198.6457894736842
Tanahun,Western Hills,4,188.88105263157894,201.23263157894738
Tanahun,Western Hills,5,183.3742105263158,171.94105263157894
Tanahun,Western Hills,6,141.90421052631578,111.27157894736841
Tanahun,Western Hills,7,104.51368421052632,58.9778947368421
Tanahun,Western Hills,8,110.10894736842106,71.84473684210526
Tanahun,Western Hills,9,114.39368421052632,95.53842105263158
Tanahun,Western Hills,10,132.72105263157894,151.24684210526317
Tanahun,Western Hills,11,115.07947368421054,160.63
Tanahun,Western Hills,12,108.46999999999998,172.10315789473685
Taplejung,Eastern Hills,1,113.34736842105262,160.48736842105262
Taplejung,Eastern Hills,2,117.14842105263159,142.3957894736842
Taplejung,Eastern Hills,3,156.92684210526318,170.74263157894737
Taplejung,Eastern Hills,4,171.89263157894737,169.1657894736842
Taplejung,Eastern Hills,5,164.2957894736842,134.54473684210527
Taplejung,Eastern Hills,6,126.11000000000001,82.9778947368421
Taplejung,Eastern Hills,7,100.06473684210526,51.17894736842105
Taplejung,Eastern Hills,8,110.50368421052633,65.64
Taplejung,Eastern Hills,9,113.58578947368422,92.40052631578946
Taplejung,Eastern Hills,10,131.59684210526316,148.8421052631579
Taplejung,Eastern Hills,11,113.07105263157894,152.2357894736842
Taplejung,Eastern Hills,12,106.32157894736842,158.88210526315788
Terhathum,Eastern Hills,1,114.7642105263158,159.78105263157894
Terhathum,Eastern Hills,2,119.64999999999999,144.0894736842105
Terhathum,Eastern Hills,3,164.25947368421052,184.0357894736842
Terhathum,Eastern Hills,4,173.9863157894737,171.04631578947368
Terhathum,Eastern Hills,5,166.13,142.33473684210526
Terhathum,Eastern Hills,6,126.47105263157894,89.42947368421054
Terhathum,Eastern Hills,7,101.60157894736842,57.92789473684211
Terhathum,Eastern Hills,8,111.16473684210527,68.43
Terhathum,Eastern Hills,9,113.49842105263157,93.23421052631579
Terhathum,Eastern Hills,10,131.81578947368422,147.87105263157895
Terhathum,Eastern Hills,11,115.36736842105263,152.96473684210525
Terhathum,Eastern Hills,12,108.65736842105262,160.1263157894737
Udayapur,Eastern Hills,1,115.94315789473684,161.99315789473684
Udayapur,Eastern Hills,2,126.7857894736842,158.3321052631579
Udayapur,Eastern Hills,3,172.8515789473684,194.15894736842105
Udayapur,Eastern Hills,4,182.4542105263158,185.08842105263156
Udayapur,Eastern Hills,5,171.3257894736842,146.30157894736843
Udayapur,Eastern Hills,6,132.96736842105264,93.77000000000001
Udayapur,Eastern Hills,7,109.46315789473685,64.16105263157894
Udayapur,Eastern Hills,8,115.9121052631579,76.01473684210526
Udayapur,Eastern Hills,9,115.79263157894736,96.54421052631578
Udayapur,Eastern Hills,10,130.73,143.56842105263158
Udayapur,Eastern Hills,11,116.65789473684211,154.2473684210526
Udayapur,Eastern Hills,12,108.58210526315789,158.6021052631579
