district_name,year,ghi_annual_power
Achham,2005,1731.2319
Achham,2006,1758.0336
Achham,2007,1727.8979000000002
Achham,2008,1694.6323
Achham,2009,1835.5008
Achham,2010,1816.0955000000001
Achham,2011,1718.1879000000001
Achham,2012,1760.7703000000001
Achham,2013,1716.5067
Achham,2014,1792.6101999999998
Achham,2015,1773.7614999999998
Achham,2016,1796.0257000000001
Achham,2017,1728.5486
Achham,2018,1761.0384999999999
Achham,2019,1700.4809
Achham,2020,1724.5663
Achham,2021,1697.4882
Achham,2022,1694.5351
Achham,2023,1648.0961
Arghakhanchi,2005,1848.6975
Arghakhanchi,2006,1854.2673
Arghakhanchi,2007,1775.9097
Arghakhanchi,2008,1798.7476
Arghakhanchi,2009,1900.7075
Arghakhanchi,2010,1828.4091
Arghakhanchi,2011,1806.0445
Arghakhanchi,2012,1868.3912
Arghakhanchi,2013,1782.9246
Arghakhanchi,2014,1833.9338
Arghakhanchi,2015,1791.8199
Arghakhanchi,2016,1773.339
Arghakhanchi,2017,1791.1736
Arghakhanchi,2018,1759.5343
Arghakhanchi,2019,1738.5952
Arghakhanchi,2020,1682.6463
Arghakhanchi,2021,1649.3514
Arghakhanchi,2022,1739.912
Arghakhanchi,2023,1748.7267
Baglung,2005,1664.499
Baglung,2006,1679.7521000000002
Baglung,2007,1676.2537
Baglung,2008,1692.7575
Baglung,2009,1794.5787
Baglung,2010,1787.9454
Baglung,2011,1698.8139999999999
Baglung,2012,1759.4533999999999
Baglung,2013,1673.5225
Baglung,2014,1754.4281
Baglung,2015,1690.7092
Baglung,2016,1721.2541
Baglung,2017,1669.529
Baglung,2018,1653.2836
Baglung,2019,1636.8258
Baglung,2020,1611.8248999999998
Baglung,2021,1567.8899
Baglung,2022,1599.5182
Baglung,2023,1595.0511999999999
Baitadi,2005,1835.3362
Baitadi,2006,1839.986
Baitadi,2007,1811.1841
Baitadi,2008,1783.3245000000002
Baitadi,2009,1925.2114
Baitadi,2010,1880.0272
Baitadi,2011,1806.7269000000001
Baitadi,2012,1844.7253
Baitadi,2013,1806.2293
Baitadi,2014,1869.1734999999999
Baitadi,2015,1835.9235
Baitadi,2016,1855.7404
Baitadi,2017,1830.0798
Baitadi,2018,1829.6284
Baitadi,2019,1794.1872
Baitadi,2020,1819.8375
Baitadi,2021,1812.6112
Baitadi,2022,1813.1565
Baitadi,2023,1784.7125
Bajhang,2005,1731.2319
Bajhang,2006,1758.0336
Bajhang,2007,1727.8979000000002
Bajhang,2008,1694.6323
Bajhang,2009,1835.5008
Bajhang,2010,1816.0955000000001
Bajhang,2011,1718.1879000000001
Bajhang,2012,1760.7703000000001
Bajhang,2013,1716.5067
Bajhang,2014,1792.6101999999998
Bajhang,2015,1773.7614999999998
Bajhang,2016,1796.0257000000001
Bajhang,2017,1728.5486
Bajhang,2018,1761.0384999999999
Bajhang,2019,1700.4809
Bajhang,2020,1724.5663
Bajhang,2021,1697.4882
Bajhang,2022,1694.5351
Bajhang,2023,1648.0961
Bajura,2005,1731.2319
Bajura,2006,1758.0336
Bajura,2007,1727.8979000000002
Bajura,2008,1694.6323
Bajura,2009,1835.5008
Bajura,2010,1816.0955000000001
Bajura,2011,1718.1879000000001
Bajura,2012,1760.7703000000001
Bajura,2013,1716.5067
Bajura,2014,1792.6101999999998
Bajura,2015,1773.7614999999998
Bajura,2016,1796.0257000000001
Bajura,2017,1728.5486
Bajura,2018,1761.0384999999999
Bajura,2019,1700.4809
Bajura,2020,1724.5663
Bajura,2021,1697.4882
Bajura,2022,1694.5351
Bajura,2023,1648.0961
Banke,2005,1753.2983
Banke,2006,1743.8997
Banke,2007,1693.7196
Banke,2008,1671.5574
Banke,2009,1788.7124
Banke,2010,1729.6927
Banke,2011,1701.9566
Banke,2012,1747.7725
Banke,2013,1653.2912999999999
Banke,2014,1746.9353
Banke,2015,1693.6664
Banke,2016,1692.5478
Banke,2017,1695.8289
Banke,2018,1687.5386
Banke,2019,1671.8974
Banke,2020,1646.9612
Banke,2021,1615.4794
Banke,2022,1659.2347
Banke,2023,1652.3121
Bara,2005,1781.0346
Bara,2006,1760.1264
Bara,2007,1716.2098999999998
Bara,2008,1759.7555
Bara,2009,1821.7872
Bara,2010,1804.0917
Bara,2011,1746.0106
Bara,2012,1865.818
Bara,2013,1769.1947
Bara,2014,1806.6033
Bara,2015,1731.9388
Bara,2016,1721.6016
Bara,2017,1759.2021
Bara,2018,1713.6478
Bara,2019,1711.7397
Bara,2020,1641.0473
Bara,2021,1637.7222
Bara,2022,1681.9214
Bara,2023,1708.1087
Bardiya,2005,1753.2983
Bardiya,2006,1743.8997
Bardiya,2007,1693.7196
Bardiya,2008,1671.5574
Bardiya,2009,1788.7124
Bardiya,2010,1729.6927
Bardiya,2011,1701.9566
Bardiya,2012,1747.7725
Bardiya,2013,1653.2912999999999
Bardiya,2014,1746.9353
Bardiya,2015,1693.6664
Bardiya,2016,1692.5478
Bardiya,2017,1695.8289
Bardiya,2018,1687.5386
Bardiya,2019,1671.8974
Bardiya,2020,1646.9612
Bardiya,2021,1615.4794
Bardiya,2022,1659.2347
Bardiya,2023,1652.3121
Bhaktapur,2005,1781.0346
Bhaktapur,2006,1760.1264
Bhaktapur,2007,1716.2098999999998
Bhaktapur,2008,1759.7555
Bhaktapur,2009,1821.7872
Bhaktapur,2010,1804.0917
Bhaktapur,2011,1746.0106
Bhaktapur,2012,1865.818
Bhaktapur,2013,1769.1947
Bhaktapur,2014,1806.6033
Bhaktapur,2015,1731.9388
Bhaktapur,2016,1721.6016
Bhaktapur,2017,1759.2021
Bhaktapur,2018,1713.6478
Bhaktapur,2019,1711.7397
Bhaktapur,2020,1641.0473
Bhaktapur,2021,1637.7222
Bhaktapur,2022,1681.9214
Bhaktapur,2023,1708.1087
Bhojpur,2005,1581.2603
Bhojpur,2006,1576.1067
Bhojpur,2007,1551.968
Bhojpur,2008,1558.9674
Bhojpur,2009,1633.2432000000001
Bhojpur,2010,1619.5496
Bhojpur,2011,1557.2809
Bhojpur,2012,1656.0171
Bhojpur,2013,1598.3225
Bhojpur,2014,1609.0164
Bhojpur,2015,1546.4441
Bhojpur,2016,1560.5462
Bhojpur,2017,1553.0885
Bhojpur,2018,1501.8841
Bhojpur,2019,1500.3104
Bhojpur,2020,1466.6244
Bhojpur,2021,1461.2763
Bhojpur,2022,1435.5763
Bhojpur,2023,1463.5058999999999
Chitwan,2005,1823.2826
Chitwan,2006,1806.1705000000002
Chitwan,2007,1744.9718
Chitwan,2008,1788.6225
Chitwan,2009,1867.3875
Chitwan,2010,1820.5515
Chitwan,2011,1787.286
Chitwan,2012,1859.5767
Chitwan,2013,1774.3978
Chitwan,2014,1819.6752000000001
Chitwan,2015,1773.69
Chitwan,2016,1752.4905
Chitwan,2017,1787.4639
Chitwan,2018,1753.7445
Chitwan,2019,1736.2947
Chitwan,2020,1664.0567
Chitwan,2021,1644.3148
Chitwan,2022,1723.5964
Chitwan,2023,1727.8408
Dadeldhura,2005,1835.3362
Dadeldhura,2006,1839.986
Dadeldhura,2007,1811.1841
Dadeldhura,2008,1783.3245000000002
Dadeldhura,2009,1925.2114
Dadeldhura,2010,1880.0272
Dadeldhura,2011,1806.7269000000001
Dadeldhura,2012,1844.7253
Dadeldhura,2013,1806.2293
Dadeldhura,2014,1869.1734999999999
Dadeldhura,2015,1835.9235
Dadeldhura,2016,1855.7404
Dadeldhura,2017,1830.0798
Dadeldhura,2018,1829.6284
Dadeldhura,2019,1794.1872
Dadeldhura,2020,1819.8375
Dadeldhura,2021,1812.6112
Dadeldhura,2022,1813.1565
Dadeldhura,2023,1784.7125
Dailekh,2005,1753.2983
Dailekh,2006,1743.8997
Dailekh,2007,1693.7196
Dailekh,2008,1671.5574
Dailekh,2009,1788.7124
Dailekh,2010,1729.6927
Dailekh,2011,1701.9566
Dailekh,2012,1747.7725
Dailekh,2013,1653.2912999999999
Dailekh,2014,1746.9353
Dailekh,2015,1693.6664
Dailekh,2016,1692.5478
Dailekh,2017,1695.8289
Dailekh,2018,1687.5386
Dailekh,2019,1671.8974
Dailekh,2020,1646.9612
Dailekh,2021,1615.4794
Dailekh,2022,1659.2347
Dailekh,2023,1652.3121
Dang,2005,1725.5007
Dang,2006,1712.9932
Dang,2007,1710.3739
Dang,2008,1725.1468
Dang,2009,1826.5962
Dang,2010,1801.8971
Dang,2011,1724.1225
Dang,2012,1788.4896
Dang,2013,1679.6957
Dang,2014,1811.8781
Dang,2015,1744.9122
Dang,2016,1728.5426
Dang,2017,1719.0142
Dang,2018,1715.6464
Dang,2019,1683.5113
Dang,2020,1658.9551999999999
Dang,2021,1624.0445
Dang,2022,1680.3489
Dang,2023,1660.4774
Darchula,2005,1835.3362
Darchula,2006,1839.986
Darchula,2007,1811.1841
Darchula,2008,1783.3245000000002
Darchula,2009,1925.2114
Darchula,2010,1880.0272
Darchula,2011,1806.7269000000001
Darchula,2012,1844.7253
Darchula,2013,1806.2293
Darchula,2014,1869.1734999999999
Darchula,2015,1835.9235
Darchula,2016,1855.7404
Darchula,2017,1830.0798
Darchula,2018,1829.6284
Darchula,2019,1794.1872
Darchula,2020,1819.8375
Darchula,2021,1812.6112
Darchula,2022,1813.1565
Darchula,2023,1784.7125
Dhading,2005,1823.2826
Dhading,2006,1806.1705000000002
Dhading,2007,1744.9718
Dhading,2008,1788.6225
Dhading,2009,1867.3875
Dhading,2010,1820.5515
Dhading,2011,1787.286
Dhading,2012,1859.5767
Dhading,2013,1774.3978
Dhading,2014,1819.6752000000001
Dhading,2015,1773.69
Dhading,2016,1752.4905
Dhading,2017,1787.4639
Dhading,2018,1753.7445
Dhading,2019,1736.2947
Dhading,2020,1664.0567
Dhading,2021,1644.3148
Dhading,2022,1723.5964
Dhading,2023,1727.8408
Dhankuta,2005,1581.2603
Dhankuta,2006,1576.1067
Dhankuta,2007,1551.968
Dhankuta,2008,1558.9674
Dhankuta,2009,1633.2432000000001
Dhankuta,2010,1619.5496
Dhankuta,2011,1557.2809
Dhankuta,2012,1656.0171
Dhankuta,2013,1598.3225
Dhankuta,2014,1609.0164
Dhankuta,2015,1546.4441
Dhankuta,2016,1560.5462
Dhankuta,2017,1553.0885
Dhankuta,2018,1501.8841
Dhankuta,2019,1500.3104
Dhankuta,2020,1466.6244
Dhankuta,2021,1461.2763
Dhankuta,2022,1435.5763
Dhankuta,2023,1463.5058999999999
Dhanusha,2005,1796.4234000000001
Dhanusha,2006,1768.0687
Dhanusha,2007,1704.9979
Dhanusha,2008,1729.981
Dhanusha,2009,1789.9143
Dhanusha,2010,1753.835
Dhanusha,2011,1702.2666
Dhanusha,2012,1787.0211
Dhanusha,2013,1723.4446
Dhanusha,2014,1715.5826
Dhanusha,2015,1685.4019
Dhanusha,2016,1686.8618
Dhanusha,2017,1685.9058
Dhanusha,2018,1676.0816
Dhanusha,2019,1668.3674
Dhanusha,2020,1595.6329
Dhanusha,2021,1556.0762
Dhanusha,2022,1669.9777000000001
Dhanusha,2023,1648.5898
Dolakha,2005,1672.8251
Dolakha,2006,1656.2386000000001
Dolakha,2007,1621.0427
Dolakha,2008,1663.5168999999999
Dolakha,2009,1749.2149
Dolakha,2010,1734.9754
Dolakha,2011,1645.8878
Dolakha,2012,1776.8678
Dolakha,2013,1680.9415
Dolakha,2014,1716.3125
Dolakha,2015,1632.9904000000001
Dolakha,2016,1647.0119
Dolakha,2017,1640.9671
Dolakha,2018,1600.2817
Dolakha,2019,1600.7274
Dolakha,2020,1542.5164
Dolakha,2021,1551.6697
Dolakha,2022,1536.7519
Dolakha,2023,1568.8691999999999
Dolpa,2005,1825.8472
Dolpa,2006,1823.6936
Dolpa,2007,1840.241
Dolpa,2008,1828.9299
Dolpa,2009,1947.8464
Dolpa,2010,1926.0144
Dolpa,2011,1843.0906
Dolpa,2012,1881.3193
Dolpa,2013,1816.7289
Dolpa,2014,1905.7455
Dolpa,2015,1950.8247000000001
Dolpa,2016,1907.4660999999999
Dolpa,2017,1794.9089000000001
Dolpa,2018,1885.9007
Dolpa,2019,1831.9563
Dolpa,2020,1873.4626
Dolpa,2021,1809.2293
Dolpa,2022,1826.6091999999999
Dolpa,2023,1807.7303
Doti,2005,1731.2319
Doti,2006,1758.0336
Doti,2007,1727.8979000000002
Doti,2008,1694.6323
Doti,2009,1835.5008
Doti,2010,1816.0955000000001
Doti,2011,1718.1879000000001
Doti,2012,1760.7703000000001
Doti,2013,1716.5067
Doti,2014,1792.6101999999998
Doti,2015,1773.7614999999998
Doti,2016,1796.0257000000001
Doti,2017,1728.5486
Doti,2018,1761.0384999999999
Doti,2019,1700.4809
Doti,2020,1724.5663
Doti,2021,1697.4882
Doti,2022,1694.5351
Doti,2023,1648.0961
Gorkha,2005,1626.2216999999998
Gorkha,2006,1681.6865
Gorkha,2007,1620.9696
Gorkha,2008,1656.096
Gorkha,2009,1718.0774000000001
Gorkha,2010,1718.0709
Gorkha,2011,1617.9617
Gorkha,2012,1697.0711
Gorkha,2013,1597.585
Gorkha,2014,1654.1615
Gorkha,2015,1617.3377
Gorkha,2016,1672.7060000000001
Gorkha,2017,1661.3291
Gorkha,2018,1625.5124
Gorkha,2019,1619.4878
Gorkha,2020,1597.222
Gorkha,2021,1554.7311
Gorkha,2022,1572.6109
Gorkha,2023,1594.6975
Gulmi,2005,1664.499
Gulmi,2006,1679.7521000000002
Gulmi,2007,1676.2537
Gulmi,2008,1692.7575
Gulmi,2009,1794.5787
Gulmi,2010,1787.9454
Gulmi,2011,1698.8139999999999
Gulmi,2012,1759.4533999999999
Gulmi,2013,1673.5225
Gulmi,2014,1754.4281
Gulmi,2015,1690.7092
Gulmi,2016,1721.2541
Gulmi,2017,1669.529
Gulmi,2018,1653.2836
Gulmi,2019,1636.8258
Gulmi,2020,1611.8248999999998
Gulmi,2021,1567.8899
Gulmi,2022,1599.5182
Gulmi,2023,1595.0511999999999
Humla,2005,1825.8472
Humla,2006,1823.6936
Humla,2007,1840.241
Humla,2008,1828.9299
Humla,2009,1947.8464
Humla,2010,1926.0144
Humla,2011,1843.0906
Humla,2012,1881.3193
Humla,2013,1816.7289
Humla,2014,1905.7455
Humla,2015,1950.8247000000001
Humla,2016,1907.4660999999999
Humla,2017,1794.9089000000001
Humla,2018,1885.9007
Humla,2019,1831.9563
Humla,2020,1873.4626
Humla,2021,1809.2293
Humla,2022,1826.6091999999999
Humla,2023,1807.7303
Ilam,2005,1682.5973000000001
Ilam,2006,1683.3432
Ilam,2007,1643.6191
Ilam,2008,1658.2897
Ilam,2009,1676.7402
Ilam,2010,1664.0806
Ilam,2011,1635.2084
Ilam,2012,1715.3131
Ilam,2013,1676.1027000000001
Ilam,2014,1665.8571
Ilam,2015,1628.1891
Ilam,2016,1628.1831
Ilam,2017,1613.7123000000001
Ilam,2018,1594.7631000000001
Ilam,2019,1611.1898
Ilam,2020,1505.3018
Ilam,2021,1525.7233
Ilam,2022,1566.9436
Ilam,2023,1609.6995
Jajarkot,2005,1725.5007
Jajarkot,2006,1712.9932
Jajarkot,2007,1710.3739
Jajarkot,2008,1725.1468
Jajarkot,2009,1826.5962
Jajarkot,2010,1801.8971
Jajarkot,2011,1724.1225
Jajarkot,2012,1788.4896
Jajarkot,2013,1679.6957
Jajarkot,2014,1811.8781
Jajarkot,2015,1744.9122
Jajarkot,2016,1728.5426
Jajarkot,2017,1719.0142
Jajarkot,2018,1715.6464
Jajarkot,2019,1683.5113
Jajarkot,2020,1658.9551999999999
Jajarkot,2021,1624.0445
Jajarkot,2022,1680.3489
Jajarkot,2023,1660.4774
Jhapa,2005,1682.5973000000001
Jhapa,2006,1683.3432
Jhapa,2007,1643.6191
Jhapa,2008,1658.2897
Jhapa,2009,1676.7402
Jhapa,2010,1664.0806
Jhapa,2011,1635.2084
Jhapa,2012,1715.3131
Jhapa,2013,1676.1027000000001
Jhapa,2014,1665.8571
Jhapa,2015,1628.1891
Jhapa,2016,1628.1831
Jhapa,2017,1613.7123000000001
Jhapa,2018,1594.7631000000001
Jhapa,2019,1611.1898
Jhapa,2020,1505.3018
Jhapa,2021,1525.7233
Jhapa,2022,1566.9436
Jhapa,2023,1609.6995
Jumla,2005,1825.8472
Jumla,2006,1823.6936
Jumla,2007,1840.241
Jumla,2008,1828.9299
Jumla,2009,1947.8464
Jumla,2010,1926.0144
Jumla,2011,1843.0906
Jumla,2012,1881.3193
Jumla,2013,1816.7289
Jumla,2014,1905.7455
Jumla,2015,1950.8247000000001
Jumla,2016,1907.4660999999999
Jumla,2017,1794.9089000000001
Jumla,2018,1885.9007
Jumla,2019,1831.9563
Jumla,2020,1873.4626
Jumla,2021,1809.2293
Jumla,2022,1826.6091999999999
Jumla,2023,1807.7303
Kailali,2005,1793.7062
Kailali,2006,1796.179
Kailali,2007,1725.7489
Kailali,2008,1687.5999000000002
Kailali,2009,1826.163
Kailali,2010,1734.1035
Kailali,2011,1703.433
Kailali,2012,1758.0011
Kailali,2013,1685.0874000000001
Kailali,2014,1750.6525
Kailali,2015,1723.6964
Kailali,2016,1707.874
Kailali,2017,1722.4717
Kailali,2018,1680.982
Kailali,2019,1689.6516
Kailali,2020,1670.9499
Kailali,2021,1652.2289
Kailali,2022,1684.9556
Kailali,2023,1660.3737
Kalikot,2005,1731.2319
Kalikot,2006,1758.0336
Kalikot,2007,1727.8979000000002
Kalikot,2008,1694.6323
Kalikot,2009,1835.5008
Kalikot,2010,1816.0955000000001
Kalikot,2011,1718.1879000000001
Kalikot,2012,1760.7703000000001
Kalikot,2013,1716.5067
Kalikot,2014,1792.6101999999998
Kalikot,2015,1773.7614999999998
Kalikot,2016,1796.0257000000001
Kalikot,2017,1728.5486
Kalikot,2018,1761.0384999999999
Kalikot,2019,1700.4809
Kalikot,2020,1724.5663
Kalikot,2021,1697.4882
Kalikot,2022,1694.5351
Kalikot,2023,1648.0961
Kanchanpur,2005,1835.3362
Kanchanpur,2006,1839.986
Kanchanpur,2007,1811.1841
Kanchanpur,2008,1783.3245000000002
Kanchanpur,2009,1925.2114
Kanchanpur,2010,1880.0272
Kanchanpur,2011,1806.7269000000001
Kanchanpur,2012,1844.7253
Kanchanpur,2013,1806.2293
Kanchanpur,2014,1869.1734999999999
Kanchanpur,2015,1835.9235
Kanchanpur,2016,1855.7404
Kanchanpur,2017,1830.0798
Kanchanpur,2018,1829.6284
Kanchanpur,2019,1794.1872
Kanchanpur,2020,1819.8375
Kanchanpur,2021,1812.6112
Kanchanpur,2022,1813.1565
Kanchanpur,2023,1784.7125
Kapilvastu,2005,1848.6975
Kapilvastu,2006,1854.2673
Kapilvastu,2007,1775.9097
Kapilvastu,2008,1798.7476
Kapilvastu,2009,1900.7075
Kapilvastu,2010,1828.4091
Kapilvastu,2011,1806.0445
Kapilvastu,2012,1868.3912
Kapilvastu,2013,1782.9246
Kapilvastu,2014,1833.9338
Kapilvastu,2015,1791.8199
Kapilvastu,2016,1773.339
Kapilvastu,2017,1791.1736
Kapilvastu,2018,1759.5343
Kapilvastu,2019,1738.5952
Kapilvastu,2020,1682.6463
Kapilvastu,2021,1649.3514
Kapilvastu,2022,1739.912
Kapilvastu,2023,1748.7267
Kaski,2005,1626.2216999999998
Kaski,2006,1681.6865
Kaski,2007,1620.9696
Kaski,2008,1656.096
Kaski,2009,1718.0774000000001
Kaski,2010,1718.0709
Kaski,2011,1617.9617
Kaski,2012,1697.0711
Kaski,2013,1597.585
Kaski,2014,1654.1615
Kaski,2015,1617.3377
Kaski,2016,1672.7060000000001
Kaski,2017,1661.3291
Kaski,2018,1625.5124
Kaski,2019,1619.4878
Kaski,2020,1597.222
Kaski,2021,1554.7311
Kaski,2022,1572.6109
Kaski,2023,1594.6975
Kathmandu,2005,1781.0346
Kathmandu,2006,1760.1264
Kathmandu,2007,1716.2098999999998
Kathmandu,2008,1759.7555
Kathmandu,2009,1821.7872
Kathmandu,2010,1804.0917
Kathmandu,2011,1746.0106
Kathmandu,2012,1865.818
Kathmandu,2013,1769.1947
Kathmandu,2014,1806.6033
Kathmandu,2015,1731.9388
Kathmandu,2016,1721.6016
Kathmandu,2017,1759.2021
Kathmandu,2018,1713.6478
Kathmandu,2019,1711.7397
Kathmandu,2020,1641.0473
Kathmandu,2021,1637.7222
Kathmandu,2022,1681.9214
Kathmandu,2023,1708.1087
Kavrepalanchok,2005,1781.0346
Kavrepalanchok,2006,1760.1264
Kavrepalanchok,2007,1716.2098999999998
Kavrepalanchok,2008,1759.7555
Kavrepalanchok,2009,1821.7872
Kavrepalanchok,2010,1804.0917
Kavrepalanchok,2011,1746.0106
Kavrepalanchok,2012,1865.818
Kavrepalanchok,2013,1769.1947
Kavrepalanchok,2014,1806.6033
Kavrepalanchok,2015,1731.9388
Kavrepalanchok,2016,1721.6016
Kavrepalanchok,2017,1759.2021
Kavrepalanchok,2018,1713.6478
Kavrepalanchok,2019,1711.7397
Kavrepalanchok,2020,1641.0473
Kavrepalanchok,2021,1637.7222
Kavrepalanchok,2022,1681.9214
Kavrepalanchok,2023,1708.1087
Khotang,2005,1672.8251
Khotang,2006,1656.2386000000001
Khotang,2007,1621.0427
Khotang,2008,1663.5168999999999
Khotang,2009,1749.2149
Khotang,2010,1734.9754
Khotang,2011,1645.8878
Khotang,2012,1776.8678
Khotang,2013,1680.9415
Khotang,2014,1716.3125
Khotang,2015,1632.9904000000001
Khotang,2016,1647.0119
Khotang,2017,1640.9671
Khotang,2018,1600.2817
Khotang,2019,1600.7274
Khotang,2020,1542.5164
Khotang,2021,1551.6697
Khotang,2022,1536.7519
Khotang,2023,1568.8691999999999
Lalitpur,2005,1781.0346
Lalitpur,2006,1760.1264
Lalitpur,2007,1716.2098999999998
Lalitpur,2008,1759.7555
Lalitpur,2009,1821.7872
Lalitpur,2010,1804.0917
Lalitpur,2011,1746.0106
Lalitpur,2012,1865.818
Lalitpur,2013,1769.1947
Lalitpur,2014,1806.6033
Lalitpur,2015,1731.9388
Lalitpur,2016,1721.6016
Lalitpur,2017,1759.2021
Lalitpur,2018,1713.6478
Lalitpur,2019,1711.7397
Lalitpur,2020,1641.0473
Lalitpur,2021,1637.7222
Lalitpur,2022,1681.9214
Lalitpur,2023,1708.1087
Lamjung,2005,1626.2216999999998
Lamjung,2006,1681.6865
Lamjung,2007,1620.9696
Lamjung,2008,1656.096
Lamjung,2009,1718.0774000000001
Lamjung,2010,1718.0709
Lamjung,2011,1617.9617
Lamjung,2012,1697.0711
Lamjung,2013,1597.585
Lamjung,2014,1654.1615
Lamjung,2015,1617.3377
Lamjung,2016,1672.7060000000001
Lamjung,2017,1661.3291
Lamjung,2018,1625.5124
Lamjung,2019,1619.4878
Lamjung,2020,1597.222
Lamjung,2021,1554.7311
Lamjung,2022,1572.6109
Lamjung,2023,1594.6975
Mahottari,2005,1796.4234000000001
Mahottari,2006,1768.0687
Mahottari,2007,1704.9979
Mahottari,2008,1729.981
Mahottari,2009,1789.9143
Mahottari,2010,1753.835
Mahottari,2011,1702.2666
Mahottari,2012,1787.0211
Mahottari,2013,1723.4446
Mahottari,2014,1715.5826
Mahottari,2015,1685.4019
Mahottari,2016,1686.8618
Mahottari,2017,1685.9058
Mahottari,2018,1676.0816
Mahottari,2019,1668.3674
Mahottari,2020,1595.6329
Mahottari,2021,1556.0762
Mahottari,2022,1669.9777000000001
Mahottari,2023,1648.5898
Makwanpur,2005,1781.0346
Makwanpur,2006,1760.1264
Makwanpur,2007,1716.2098999999998
Makwanpur,2008,1759.7555
Makwanpur,2009,1821.7872
Makwanpur,2010,1804.0917
Makwanpur,2011,1746.0106
Makwanpur,2012,1865.818
Makwanpur,2013,1769.1947
Makwanpur,2014,1806.6033
Makwanpur,2015,1731.9388
Makwanpur,2016,1721.6016
Makwanpur,2017,1759.2021
Makwanpur,2018,1713.6478
Makwanpur,2019,1711.7397
Makwanpur,2020,1641.0473
Makwanpur,2021,1637.7222
Makwanpur,2022,1681.9214
Makwanpur,2023,1708.1087
Manang,2005,1626.2216999999998
Manang,2006,1681.6865
Manang,2007,1620.9696
Manang,2008,1656.096
Manang,2009,1718.0774000000001
Manang,2010,1718.0709
Manang,2011,1617.9617
Manang,2012,1697.0711
Manang,2013,1597.585
Manang,2014,1654.1615
Manang,2015,1617.3377
Manang,2016,1672.7060000000001
Manang,2017,1661.3291
Manang,2018,1625.5124
Manang,2019,1619.4878
Manang,2020,1597.222
Manang,2021,1554.7311
Manang,2022,1572.6109
Manang,2023,1594.6975
Morang,2005,1682.5973000000001
Morang,2006,1683.3432
Morang,2007,1643.6191
Morang,2008,1658.2897
Morang,2009,1676.7402
Morang,2010,1664.0806
Morang,2011,1635.2084
Morang,2012,1715.3131
Morang,2013,1676.1027000000001
Morang,2014,1665.8571
Morang,2015,1628.1891
Morang,2016,1628.1831
Morang,2017,1613.7123000000001
Morang,2018,1594.7631000000001
Morang,2019,1611.1898
Morang,2020,1505.3018
Morang,2021,1525.7233
Morang,2022,1566.9436
Morang,2023,1609.6995
Mugu,2005,1825.8472
Mugu,2006,1823.6936
Mugu,2007,1840.241
Mugu,2008,1828.9299
Mugu,2009,1947.8464
Mugu,2010,1926.0144
Mugu,2011,1843.0906
Mugu,2012,1881.3193
Mugu,2013,1816.7289
Mugu,2014,1905.7455
Mugu,2015,1950.8247000000001
Mugu,2016,1907.4660999999999
Mugu,2017,1794.9089000000001
Mugu,2018,1885.9007
Mugu,2019,1831.9563
Mugu,2020,1873.4626
Mugu,2021,1809.2293
Mugu,2022,1826.6091999999999
Mugu,2023,1807.7303
Mustang,2005,1664.499
Mustang,2006,1679.7521000000002
Mustang,2007,1676.2537
Mustang,2008,1692.7575
Mustang,2009,1794.5787
Mustang,2010,1787.9454
Mustang,2011,1698.8139999999999
Mustang,2012,1759.4533999999999
Mustang,2013,1673.5225
Mustang,2014,1754.4281
Mustang,2015,1690.7092
Mustang,2016,1721.2541
Mustang,2017,1669.529
Mustang,2018,1653.2836
Mustang,2019,1636.8258
Mustang,2020,1611.8248999999998
Mustang,2021,1567.8899
Mustang,2022,1599.5182
Mustang,2023,1595.0511999999999
Myagdi,2005,1664.499
Myagdi,2006,1679.7521000000002
Myagdi,2007,1676.2537
Myagdi,2008,1692.7575
Myagdi,2009,1794.5787
Myagdi,2010,1787.9454
Myagdi,2011,1698.8139999999999
Myagdi,2012,1759.4533999999999
Myagdi,2013,1673.5225
Myagdi,2014,1754.4281
Myagdi,2015,1690.7092
Myagdi,2016,1721.2541
Myagdi,2017,1669.529
Myagdi,2018,1653.2836
Myagdi,2019,1636.8258
Myagdi,2020,1611.8248999999998
Myagdi,2021,1567.8899
Myagdi,2022,1599.5182
Myagdi,2023,1595.0511999999999
Nawalpur,2005,1823.2826
Nawalpur,2006,1806.1705000000002
Nawalpur,2007,1744.9718
Nawalpur,2008,1788.6225
Nawalpur,2009,1867.3875
Nawalpur,2010,1820.5515
Nawalpur,2011,1787.286
Nawalpur,2012,1859.5767
Nawalpur,2013,1774.3978
Nawalpur,2014,1819.6752000000001
Nawalpur,2015,1773.69
Nawalpur,2016,1752.4905
Nawalpur,2017,1787.4639
Nawalpur,2018,1753.7445
Nawalpur,2019,1736.2947
Nawalpur,2020,1664.0567
Nawalpur,2021,1644.3148
Nawalpur,2022,1723.5964
Nawalpur,2023,1727.8408
Nuwakot,2005,1781.0346
Nuwakot,2006,1760.1264
Nuwakot,2007,1716.2098999999998
Nuwakot,2008,1759.7555
Nuwakot,2009,1821.7872
Nuwakot,2010,1804.0917
Nuwakot,2011,1746.0106
Nuwakot,2012,1865.818
Nuwakot,2013,1769.1947
Nuwakot,2014,1806.6033
Nuwakot,2015,1731.9388
Nuwakot,2016,1721.6016
Nuwakot,2017,1759.2021
Nuwakot,2018,1713.6478
Nuwakot,2019,1711.7397
Nuwakot,2020,1641.0473
Nuwakot,2021,1637.7222
Nuwakot,2022,1681.9214
Nuwakot,2023,1708.1087
Okhaldhunga,2005,1672.8251
Okhaldhunga,2006,1656.2386000000001
Okhaldhunga,2007,1621.0427
Okhaldhunga,2008,1663.5168999999999
Okhaldhunga,2009,1749.2149
Okhaldhunga,2010,1734.9754
Okhaldhunga,2011,1645.8878
Okhaldhunga,2012,1776.8678
Okhaldhunga,2013,1680.9415
Okhaldhunga,2014,1716.3125
Okhaldhunga,2015,1632.9904000000001
Okhaldhunga,2016,1647.0119
Okhaldhunga,2017,1640.9671
Okhaldhunga,2018,1600.2817
Okhaldhunga,2019,1600.7274
Okhaldhunga,2020,1542.5164
Okhaldhunga,2021,1551.6697
Okhaldhunga,2022,1536.7519
Okhaldhunga,2023,1568.8691999999999
Palpa,2005,1848.6975
Palpa,2006,1854.2673
Palpa,2007,1775.9097
Palpa,2008,1798.7476
Palpa,2009,1900.7075
Palpa,2010,1828.4091
Palpa,2011,1806.0445
Palpa,2012,1868.3912
Palpa,2013,1782.9246
Palpa,2014,1833.9338
Palpa,2015,1791.8199
Palpa,2016,1773.339
Palpa,2017,1791.1736
Palpa,2018,1759.5343
Palpa,2019,1738.5952
Palpa,2020,1682.6463
Palpa,2021,1649.3514
Palpa,2022,1739.912
Palpa,2023,1748.7267
Panchthar,2005,1581.2603
Panchthar,2006,1576.1067
Panchthar,2007,1551.968
Panchthar,2008,1558.9674
Panchthar,2009,1633.2432000000001
Panchthar,2010,1619.5496
Panchthar,2011,1557.2809
Panchthar,2012,1656.0171
Panchthar,2013,1598.3225
Panchthar,2014,1609.0164
Panchthar,2015,1546.4441
Panchthar,2016,1560.5462
Panchthar,2017,1553.0885
Panchthar,2018,1501.8841
Panchthar,2019,1500.3104
Panchthar,2020,1466.6244
Panchthar,2021,1461.2763
Panchthar,2022,1435.5763
Panchthar,2023,1463.5058999999999
Parasi,2005,1848.6975
Parasi,2006,1854.2673
Parasi,2007,1775.9097
Parasi,2008,1798.7476
Parasi,2009,1900.7075
Parasi,2010,1828.4091
Parasi,2011,1806.0445
Parasi,2012,1868.3912
Parasi,2013,1782.9246
Parasi,2014,1833.9338
Parasi,2015,1791.8199
Parasi,2016,1773.339
Parasi,2017,1791.1736
Parasi,2018,1759.5343
Parasi,2019,1738.5952
Parasi,2020,1682.6463
Parasi,2021,1649.3514
Parasi,2022,1739.912
Parasi,2023,1748.7267
Parbat,2005,1664.499
Parbat,2006,1679.7521000000002
Parbat,2007,1676.2537
Parbat,2008,1692.7575
Parbat,2009,1794.5787
Parbat,2010,1787.9454
Parbat,2011,1698.8139999999999
Parbat,2012,1759.4533999999999
Parbat,2013,1673.5225
Parbat,2014,1754.4281
Parbat,2015,1690.7092
Parbat,2016,1721.2541
Parbat,2017,1669.529
Parbat,2018,1653.2836
Parbat,2019,1636.8258
Parbat,2020,1611.8248999999998
Parbat,2021,1567.8899
Parbat,2022,1599.5182
Parbat,2023,1595.0511999999999
Parsa,2005,1823.2826
Parsa,2006,1806.1705000000002
Parsa,2007,1744.9718
Parsa,2008,1788.6225
Parsa,2009,1867.3875
Parsa,2010,1820.5515
Parsa,2011,1787.286
Parsa,2012,1859.5767
Parsa,2013,1774.3978
Parsa,2014,1819.6752000000001
Parsa,2015,1773.69
Parsa,2016,1752.4905
Parsa,2017,1787.4639
Parsa,2018,1753.7445
Parsa,2019,1736.2947
Parsa,2020,1664.0567
Parsa,2021,1644.3148
Parsa,2022,1723.5964
Parsa,2023,1727.8408
Pyuthan,2005,1725.5007
Pyuthan,2006,1712.9932
Pyuthan,2007,1710.3739
Pyuthan,2008,1725.1468
Pyuthan,2009,1826.5962
Pyuthan,2010,1801.8971
Pyuthan,2011,1724.1225
Pyuthan,2012,1788.4896
Pyuthan,2013,1679.6957
Pyuthan,2014,1811.8781
Pyuthan,2015,1744.9122
Pyuthan,2016,1728.5426
Pyuthan,2017,1719.0142
Pyuthan,2018,1715.6464
Pyuthan,2019,1683.5113
Pyuthan,2020,1658.9551999999999
Pyuthan,2021,1624.0445
Pyuthan,2022,1680.3489
Pyuthan,2023,1660.4774
Ramechhap,2005,1672.8251
Ramechhap,2006,1656.2386000000001
Ramechhap,2007,1621.0427
Ramechhap,2008,1663.5168999999999
Ramechhap,2009,1749.2149
Ramechhap,2010,1734.9754
Ramechhap,2011,1645.8878
Ramechhap,2012,1776.8678
Ramechhap,2013,1680.9415
Ramechhap,2014,1716.3125
Ramechhap,2015,1632.9904000000001
Ramechhap,2016,1647.0119
Ramechhap,2017,1640.9671
Ramechhap,2018,1600.2817
Ramechhap,2019,1600.7274
Ramechhap,2020,1542.5164
Ramechhap,2021,1551.6697
Ramechhap,2022,1536.7519
Ramechhap,2023,1568.8691999999999
Rasuwa,2005,1729.5465
Rasuwa,2006,1770.4418
Rasuwa,2007,1747.9678000000001
Rasuwa,2008,1804.8016
Rasuwa,2009,1864.8338
Rasuwa,2010,1831.2821999999999
Rasuwa,2011,1727.3286
Rasuwa,2012,1825.803
Rasuwa,2013,1685.0671
Rasuwa,2014,1749.4599999999998
Rasuwa,2015,1719.6236
Rasuwa,2016,1778.5065
Rasuwa,2017,1793.1055000000001
Rasuwa,2018,1748.9056
Rasuwa,2019,1746.8845999999999
Rasuwa,2020,1753.545
Rasuwa,2021,1705.6314
Rasuwa,2022,1705.4369
Rasuwa,2023,1742.8722
Rautahat,2005,1781.0346
Rautahat,2006,1760.1264
Rautahat,2007,1716.2098999999998
Rautahat,2008,1759.7555
Rautahat,2009,1821.7872
Rautahat,2010,1804.0917
Rautahat,2011,1746.0106
Rautahat,2012,1865.818
Rautahat,2013,1769.1947
Rautahat,2014,1806.6033
Rautahat,2015,1731.9388
Rautahat,2016,1721.6016
Rautahat,2017,1759.2021
Rautahat,2018,1713.6478
Rautahat,2019,1711.7397
Rautahat,2020,1641.0473
Rautahat,2021,1637.7222
Rautahat,2022,1681.9214
Rautahat,2023,1708.1087
Rolpa,2005,1725.5007
Rolpa,2006,1712.9932
Rolpa,2007,1710.3739
Rolpa,2008,1725.1468
Rolpa,2009,1826.5962
Rolpa,2010,1801.8971
Rolpa,2011,1724.1225
Rolpa,2012,1788.4896
Rolpa,2013,1679.6957
Rolpa,2014,1811.8781
Rolpa,2015,1744.9122
Rolpa,2016,1728.5426
Rolpa,2017,1719.0142
Rolpa,2018,1715.6464
Rolpa,2019,1683.5113
Rolpa,2020,1658.9551999999999
Rolpa,2021,1624.0445
Rolpa,2022,1680.3489
Rolpa,2023,1660.4774
Rukum_East,2005,1725.5007
Rukum_East,2006,1712.9932
Rukum_East,2007,1710.3739
Rukum_East,2008,1725.1468
Rukum_East,2009,1826.5962
Rukum_East,2010,1801.8971
Rukum_East,2011,1724.1225
Rukum_East,2012,1788.4896
Rukum_East,2013,1679.6957
Rukum_East,2014,1811.8781
Rukum_East,2015,1744.9122
Rukum_East,2016,1728.5426
Rukum_East,2017,1719.0142
Rukum_East,2018,1715.6464
Rukum_East,2019,1683.5113
Rukum_East,2020,1658.9551999999999
Rukum_East,2021,1624.0445
Rukum_East,2022,1680.3489
Rukum_East,2023,1660.4774
Rukum_West,2005,1725.5007
Rukum_West,2006,1712.9932
Rukum_West,2007,1710.3739
Rukum_West,2008,1725.1468
Rukum_West,2009,1826.5962
Rukum_West,2010,1801.8971
Rukum_West,2011,1724.1225
Rukum_West,2012,1788.4896
Rukum_West,2013,1679.6957
Rukum_West,2014,1811.8781
Rukum_West,2015,1744.9122
Rukum_West,2016,1728.5426
Rukum_West,2017,1719.0142
Rukum_West,2018,1715.6464
Rukum_West,2019,1683.5113
Rukum_West,2020,1658.9551999999999
Rukum_West,2021,1624.0445
Rukum_West,2022,1680.3489
Rukum_West,2023,1660.4774
Rupandehi,2005,1848.6975
Rupandehi,2006,1854.2673
Rupandehi,2007,1775.9097
Rupandehi,2008,1798.7476
Rupandehi,2009,1900.7075
Rupandehi,2010,1828.4091
Rupandehi,2011,1806.0445
Rupandehi,2012,1868.3912
Rupandehi,2013,1782.9246
Rupandehi,2014,1833.9338
Rupandehi,2015,1791.8199
Rupandehi,2016,1773.339
Rupandehi,2017,1791.1736
Rupandehi,2018,1759.5343
Rupandehi,2019,1738.5952
Rupandehi,2020,1682.6463
Rupandehi,2021,1649.3514
Rupandehi,2022,1739.912
Rupandehi,2023,1748.7267
Salyan,2005,1725.5007
Salyan,2006,1712.9932
Salyan,2007,1710.3739
Salyan,2008,1725.1468
Salyan,2009,1826.5962
Salyan,2010,1801.8971
Salyan,2011,1724.1225
Salyan,2012,1788.4896
Salyan,2013,1679.6957
Salyan,2014,1811.8781
Salyan,2015,1744.9122
Salyan,2016,1728.5426
Salyan,2017,1719.0142
Salyan,2018,1715.6464
Salyan,2019,1683.5113
Salyan,2020,1658.9551999999999
Salyan,2021,1624.0445
Salyan,2022,1680.3489
Salyan,2023,1660.4774
Sankhuwasabha,2005,1581.2603
Sankhuwasabha,2006,1576.1067
Sankhuwasabha,2007,1551.968
Sankhuwasabha,2008,1558.9674
Sankhuwasabha,2009,1633.2432000000001
Sankhuwasabha,2010,1619.5496
Sankhuwasabha,2011,1557.2809
Sankhuwasabha,2012,1656.0171
Sankhuwasabha,2013,1598.3225
Sankhuwasabha,2014,1609.0164
Sankhuwasabha,2015,1546.4441
Sankhuwasabha,2016,1560.5462
Sankhuwasabha,2017,1553.0885
Sankhuwasabha,2018,1501.8841
Sankhuwasabha,2019,1500.3104
Sankhuwasabha,2020,1466.6244
Sankhuwasabha,2021,1461.2763
Sankhuwasabha,2022,1435.5763
Sankhuwasabha,2023,1463.5058999999999
Saptari,2005,1744.0535
Saptari,2006,1739.7889
Saptari,2007,1688.8097
Saptari,2008,1720.2481
Saptari,2009,1760.3165
Saptari,2010,1731.016
Saptari,2011,1680.3289
Saptari,2012,1776.0882
Saptari,2013,1711.7543
Saptari,2014,1710.4877000000001
Saptari,2015,1669.1738
Saptari,2016,1672.2741
Saptari,2017,1672.3755
Saptari,2018,1664.4679999999998
Saptari,2019,1660.775
Saptari,2020,1575.4665
Saptari,2021,1562.9482
Saptari,2022,1645.6642
Saptari,2023,1645.0681
Sarlahi,2005,1781.0346
Sarlahi,2006,1760.1264
Sarlahi,2007,1716.2098999999998
Sarlahi,2008,1759.7555
Sarlahi,2009,1821.7872
Sarlahi,2010,1804.0917
Sarlahi,2011,1746.0106
Sarlahi,2012,1865.818
Sarlahi,2013,1769.1947
Sarlahi,2014,1806.6033
Sarlahi,2015,1731.9388
Sarlahi,2016,1721.6016
Sarlahi,2017,1759.2021
Sarlahi,2018,1713.6478
Sarlahi,2019,1711.7397
Sarlahi,2020,1641.0473
Sarlahi,2021,1637.7222
Sarlahi,2022,1681.9214
Sarlahi,2023,1708.1087
Sindhuli,2005,1781.0346
Sindhuli,2006,1760.1264
Sindhuli,2007,1716.2098999999998
Sindhuli,2008,1759.7555
Sindhuli,2009,1821.7872
Sindhuli,2010,1804.0917
Sindhuli,2011,1746.0106
Sindhuli,2012,1865.818
Sindhuli,2013,1769.1947
Sindhuli,2014,1806.6033
Sindhuli,2015,1731.9388
Sindhuli,2016,1721.6016
Sindhuli,2017,1759.2021
Sindhuli,2018,1713.6478
Sindhuli,2019,1711.7397
Sindhuli,2020,1641.0473
Sindhuli,2021,1637.7222
Sindhuli,2022,1681.9214
Sindhuli,2023,1708.1087
Sindhupalchok,2005,1781.0346
Sindhupalchok,2006,1760.1264
Sindhupalchok,2007,1716.2098999999998
Sindhupalchok,2008,1759.7555
Sindhupalchok,2009,1821.7872
Sindhupalchok,2010,1804.0917
Sindhupalchok,2011,1746.0106
Sindhupalchok,2012,1865.818
Sindhupalchok,2013,1769.1947
Sindhupalchok,2014,1806.6033
Sindhupalchok,2015,1731.9388
Sindhupalchok,2016,1721.6016
Sindhupalchok,2017,1759.2021
Sindhupalchok,2018,1713.6478
Sindhupalchok,2019,1711.7397
Sindhupalchok,2020,1641.0473
Sindhupalchok,2021,1637.7222
Sindhupalchok,2022,1681.9214
Sindhupalchok,2023,1708.1087
Siraha,2005,1744.0535
Siraha,2006,1739.7889
Siraha,2007,1688.8097
Siraha,2008,1720.2481
Siraha,2009,1760.3165
Siraha,2010,1731.016
Siraha,2011,1680.3289
Siraha,2012,1776.0882
Siraha,2013,1711.7543
Siraha,2014,1710.4877000000001
Siraha,2015,1669.1738
Siraha,2016,1672.2741
Siraha,2017,1672.3755
Siraha,2018,1664.4679999999998
Siraha,2019,1660.775
Siraha,2020,1575.4665
Siraha,2021,1562.9482
Siraha,2022,1645.6642
Siraha,2023,1645.0681
Solukhumbu,2005,1672.8251
Solukhumbu,2006,1656.2386000000001
Solukhumbu,2007,1621.0427
Solukhumbu,2008,1663.5168999999999
Solukhumbu,2009,1749.2149
Solukhumbu,2010,1734.9754
Solukhumbu,2011,1645.8878
Solukhumbu,2012,1776.8678
Solukhumbu,2013,1680.9415
Solukhumbu,2014,1716.3125
Solukhumbu,2015,1632.9904000000001
Solukhumbu,2016,1647.0119
Solukhumbu,2017,1640.9671
Solukhumbu,2018,1600.2817
Solukhumbu,2019,1600.7274
Solukhumbu,2020,1542.5164
Solukhumbu,2021,1551.6697
Solukhumbu,2022,1536.7519
Solukhumbu,2023,1568.8691999999999
Sunsari,2005,1682.5973000000001
Sunsari,2006,1683.3432
Sunsari,2007,1643.6191
Sunsari,2008,1658.2897
Sunsari,2009,1676.7402
Sunsari,2010,1664.0806
Sunsari,2011,1635.2084
Sunsari,2012,1715.3131
Sunsari,2013,1676.1027000000001
Sunsari,2014,1665.8571
Sunsari,2015,1628.1891
Sunsari,2016,1628.1831
Sunsari,2017,1613.7123000000001
Sunsari,2018,1594.7631000000001
Sunsari,2019,1611.1898
Sunsari,2020,1505.3018
Sunsari,2021,1525.7233
Sunsari,2022,1566.9436
Sunsari,2023,1609.6995
Surkhet,2005,1753.2983
Surkhet,2006,1743.8997
Surkhet,2007,1693.7196
Surkhet,2008,1671.5574
Surkhet,2009,1788.7124
Surkhet,2010,1729.6927
Surkhet,2011,1701.9566
Surkhet,2012,1747.7725
Surkhet,2013,1653.2912999999999
Surkhet,2014,1746.9353
Surkhet,2015,1693.6664
Surkhet,2016,1692.5478
Surkhet,2017,1695.8289
Surkhet,2018,1687.5386
Surkhet,2019,1671.8974
Surkhet,2020,1646.9612
Surkhet,2021,1615.4794
Surkhet,2022,1659.2347
Surkhet,2023,1652.3121
Syangja,2005,1848.6975
Syangja,2006,1854.2673
Syangja,2007,1775.9097
Syangja,2008,1798.7476
Syangja,2009,1900.7075
Syangja,2010,1828.4091
Syangja,2011,1806.0445
Syangja,2012,1868.3912
Syangja,2013,1782.9246
Syangja,2014,1833.9338
Syangja,2015,1791.8199
Syangja,2016,1773.339
Syangja,2017,1791.1736
Syangja,2018,1759.5343
Syangja,2019,1738.5952
Syangja,2020,1682.6463
Syangja,2021,1649.3514
Syangja,2022,1739.912
Syangja,2023,1748.7267
Tanahun,2005,1823.2826
Tanahun,2006,1806.1705000000002
Tanahun,2007,1744.9718
Tanahun,2008,1788.6225
Tanahun,2009,1867.3875
Tanahun,2010,1820.5515
Tanahun,2011,1787.286
Tanahun,2012,1859.5767
Tanahun,2013,1774.3978
Tanahun,2014,1819.6752000000001
Tanahun,2015,1773.69
Tanahun,2016,1752.4905
Tanahun,2017,1787.4639
Tanahun,2018,1753.7445
Tanahun,2019,1736.2947
Tanahun,2020,1664.0567
Tanahun,2021,1644.3148
Tanahun,2022,1723.5964
Tanahun,2023,1727.8408
Taplejung,2005,1581.2603
Taplejung,2006,1576.1067
Taplejung,2007,1551.968
Taplejung,2008,1558.9674
Taplejung,2009,1633.2432000000001
Taplejung,2010,1619.5496
Taplejung,2011,1557.2809
Taplejung,2012,1656.0171
Taplejung,2013,1598.3225
Taplejung,2014,1609.0164
Taplejung,2015,1546.4441
Taplejung,2016,1560.5462
Taplejung,2017,1553.0885
Taplejung,2018,1501.8841
Taplejung,2019,1500.3104
Taplejung,2020,1466.6244
Taplejung,2021,1461.2763
Taplejung,2022,1435.5763
Taplejung,2023,1463.5058999999999
Terhathum,2005,1581.2603
Terhathum,2006,1576.1067
Terhathum,2007,1551.968
Terhathum,2008,1558.9674
Terhathum,2009,1633.2432000000001
Terhathum,2010,1619.5496
Terhathum,2011,1557.2809
Terhathum,2012,1656.0171
Terhathum,2013,1598.3225
Terhathum,2014,1609.0164
Terhathum,2015,1546.4441
Terhathum,2016,1560.5462
Terhathum,2017,1553.0885
Terhathum,2018,1501.8841
Terhathum,2019,1500.3104
Terhathum,2020,1466.6244
Terhathum,2021,1461.2763
Terhathum,2022,1435.5763
Terhathum,2023,1463.5058999999999
Udayapur,2005,1744.0535
Udayapur,2006,1739.7889
Udayapur,2007,1688.8097
Udayapur,2008,1720.2481
Udayapur,2009,1760.3165
Udayapur,2010,1731.016
Udayapur,2011,1680.3289
Udayapur,2012,1776.0882
Udayapur,2013,1711.7543
Udayapur,2014,1710.4877000000001
Udayapur,2015,1669.1738
Udayapur,2016,1672.2741
Udayapur,2017,1672.3755
Udayapur,2018,1664.4679999999998
Udayapur,2019,1660.775
Udayapur,2020,1575.4665
Udayapur,2021,1562.9482
Udayapur,2022,1645.6642
Udayapur,2023,1645.0681
