location,zone,year,GHI_annual
Achham,Far-West Hills,2005,1651.19
Achham,Far-West Hills,2006,1623.1399999999999
Achham,Far-West Hills,2007,1558.15
Achham,Far-West Hills,2008,1579.06
Achham,Far-West Hills,2009,1693.24
Achham,Far-West Hills,2010,1651.06
Achham,Far-West Hills,2011,1570.68
Achham,Far-West Hills,2012,1655.14
Achham,Far-West Hills,2013,1546.92
Achham,Far-West Hills,2014,1641.3
Achham,Far-West Hills,2015,1615.1
Achham,Far-West Hills,2016,1582.33
Achham,Far-West Hills,2017,1587.98
Achham,Far-West Hills,2018,1596.36
Achham,Far-West Hills,2019,1593.7
Achham,Far-West Hills,2020,1563.61
Achham,Far-West Hills,2021,1537.73
Achham,Far-West Hills,2022,1603.05
Achham,Far-West Hills,2023,1600.8
Arghakhanchi,Western Hills,2005,1728.57
Arghakhanchi,Western Hills,2006,1700.26
Arghakhanchi,Western Hills,2007,1602.21
Arghakhanchi,Western Hills,2008,1632.65
Arghakhanchi,Western Hills,2009,1733.34
Arghakhanchi,Western Hills,2010,1689.6
Arghakhanchi,Western Hills,2011,1644.26
Arghakhanchi,Western Hills,2012,1750.08
Arghakhanchi,Western Hills,2013,1583.99
Arghakhanchi,Western Hills,2014,1665.27
Arghakhanchi,Western Hills,2015,1642.95
Arghakhanchi,Western Hills,2016,1601.91
Arghakhanchi,Western Hills,2017,1620.92
Arghakhanchi,Western Hills,2018,1647.62
Arghakhanchi,Western Hills,2019,1640.56
Arghakhanchi,Western Hills,2020,1551.84
Arghakhanchi,Western Hills,2021,1546.69
Arghakhanchi,Western Hills,2022,1639.31
Arghakhanchi,Western Hills,2023,1708.47
Baglung,Western Hills,2005,1685.56
Baglung,Western Hills,2006,1659.53
Baglung,Western Hills,2007,1554.67
Baglung,Western Hills,2008,1597.31
Baglung,Western Hills,2009,1700.22
Baglung,Western Hills,2010,1648.46
Baglung,Western Hills,2011,1563.06
Baglung,Western Hills,2012,1705.21
Baglung,Western Hills,2013,1547.11
Baglung,Western Hills,2014,1638.95
Baglung,Western Hills,2015,1599.1200000000001
Baglung,Western Hills,2016,1539.07
Baglung,Western Hills,2017,1590.89
Baglung,Western Hills,2018,1567.59
Baglung,Western Hills,2019,1590.77
Baglung,Western Hills,2020,1499.44
Baglung,Western Hills,2021,1480.45
Baglung,Western Hills,2022,1579.59
Baglung,Western Hills,2023,1628.19
Baitadi,Far-West Hills,2005,1718.73
Baitadi,Far-West Hills,2006,1718.35
Baitadi,Far-West Hills,2007,1640.71
Baitadi,Far-West Hills,2008,1639.15
Baitadi,Far-West Hills,2009,1798.41
Baitadi,Far-West Hills,2010,1741.06
Baitadi,Far-West Hills,2011,1621.38
Baitadi,Far-West Hills,2012,1736.8
Baitadi,Far-West Hills,2013,1621.6000000000001
Baitadi,Far-West Hills,2014,1722.1399999999999
Baitadi,Far-West Hills,2015,1682.1
Baitadi,Far-West Hills,2016,1645.63
Baitadi,Far-West Hills,2017,1654.07
Baitadi,Far-West Hills,2018,1651.74
Baitadi,Far-West Hills,2019,1681.49
Baitadi,Far-West Hills,2020,1647.1100000000001
Baitadi,Far-West Hills,2021,1620.78
Baitadi,Far-West Hills,2022,1663.05
Baitadi,Far-West Hills,2023,1684.06
Bajhang,Far-West Hills,2005,1518.8600000000001
Bajhang,Far-West Hills,2006,1506.8899999999999
Bajhang,Far-West Hills,2007,1465.85
Bajhang,Far-West Hills,2008,1477.33
Bajhang,Far-West Hills,2009,1576.61
Bajhang,Far-West Hills,2010,1537.5
Bajhang,Far-West Hills,2011,1457.91
Bajhang,Far-West Hills,2012,1512.02
Bajhang,Far-West Hills,2013,1463.97
Bajhang,Far-West Hills,2014,1515.1699999999998
Bajhang,Far-West Hills,2015,1524.23
Bajhang,Far-West Hills,2016,1484.08
Bajhang,Far-West Hills,2017,1463.29
Bajhang,Far-West Hills,2018,1474.68
Bajhang,Far-West Hills,2019,1484.5
Bajhang,Far-West Hills,2020,1470.9
Bajhang,Far-West Hills,2021,1438.48
Bajhang,Far-West Hills,2022,1495.28
Bajhang,Far-West Hills,2023,1479.09
Bajura,Far-West Hills,2005,1697.02
Bajura,Far-West Hills,2006,1677.1000000000001
Bajura,Far-West Hills,2007,1635.23
Bajura,Far-West Hills,2008,1645.82
Bajura,Far-West Hills,2009,1747.99
Bajura,Far-West Hills,2010,1705.63
Bajura,Far-West Hills,2011,1630.71
Bajura,Far-West Hills,2012,1694.22
Bajura,Far-West Hills,2013,1623.82
Bajura,Far-West Hills,2014,1715.17
Bajura,Far-West Hills,2015,1700.32
Bajura,Far-West Hills,2016,1645.09
Bajura,Far-West Hills,2017,1636.84
Bajura,Far-West Hills,2018,1656.01
Bajura,Far-West Hills,2019,1652.15
Bajura,Far-West Hills,2020,1642.3
Bajura,Far-West Hills,2021,1580.29
Bajura,Far-West Hills,2022,1667.92
Bajura,Far-West Hills,2023,1635.1499999999999
Banke,Mid-West Terai,2005,1863.3999999999999
Banke,Mid-West Terai,2006,1868.7
Banke,Mid-West Terai,2007,1782.7
Banke,Mid-West Terai,2008,1769.62
Banke,Mid-West Terai,2009,1900.6200000000001
Banke,Mid-West Terai,2010,1828.98
Banke,Mid-West Terai,2011,1818.58
Banke,Mid-West Terai,2012,1891.84
Banke,Mid-West Terai,2013,1745.31
Banke,Mid-West Terai,2014,1856.99
Banke,Mid-West Terai,2015,1815.11
Banke,Mid-West Terai,2016,1786.75
Banke,Mid-West Terai,2017,1813.92
Banke,Mid-West Terai,2018,1840.25
Banke,Mid-West Terai,2019,1782.18
Banke,Mid-West Terai,2020,1739.29
Banke,Mid-West Terai,2021,1707.84
Banke,Mid-West Terai,2022,1816.13
Banke,Mid-West Terai,2023,1826.36
Bara,Madhesh Terai,2005,1850.28
Bara,Madhesh Terai,2006,1845.31
Bara,Madhesh Terai,2007,1748.53
Bara,Madhesh Terai,2008,1773.71
Bara,Madhesh Terai,2009,1861.1200000000001
Bara,Madhesh Terai,2010,1835.69
Bara,Madhesh Terai,2011,1778.8
Bara,Madhesh Terai,2012,1885.8899999999999
Bara,Madhesh Terai,2013,1779.3600000000001
Bara,Madhesh Terai,2014,1790.32
Bara,Madhesh Terai,2015,1791.85
Bara,Madhesh Terai,2016,1752.7
Bara,Madhesh Terai,2017,1771.57
Bara,Madhesh Terai,2018,1816.26
Bara,Madhesh Terai,2019,1794.61
Bara,Madhesh Terai,2020,1695.15
Bara,Madhesh Terai,2021,1717.78
Bara,Madhesh Terai,2022,1811.47
Bara,Madhesh Terai,2023,1848.03
Bardiya,Mid-West Terai,2005,1850.83
Bardiya,Mid-West Terai,2006,1851.28
Bardiya,Mid-West Terai,2007,1770.32
Bardiya,Mid-West Terai,2008,1756.48
Bardiya,Mid-West Terai,2009,1886.09
Bardiya,Mid-West Terai,2010,1821.02
Bardiya,Mid-West Terai,2011,1797.77
Bardiya,Mid-West Terai,2012,1872.19
Bardiya,Mid-West Terai,2013,1727.73
Bardiya,Mid-West Terai,2014,1845.89
Bardiya,Mid-West Terai,2015,1795.97
Bardiya,Mid-West Terai,2016,1770.2
Bardiya,Mid-West Terai,2017,1803.12
Bardiya,Mid-West Terai,2018,1814.79
Bardiya,Mid-West Terai,2019,1770.4
Bardiya,Mid-West Terai,2020,1737.86
Bardiya,Mid-West Terai,2021,1693.08
Bardiya,Mid-West Terai,2022,1792.42
Bardiya,Mid-West Terai,2023,1812.07
Bhaktapur,Central Hills,2005,1722.89
Bhaktapur,Central Hills,2006,1678.43
Bhaktapur,Central Hills,2007,1584.33
Bhaktapur,Central Hills,2008,1630.27
Bhaktapur,Central Hills,2009,1707.3899999999999
Bhaktapur,Central Hills,2010,1684.8799999999999
Bhaktapur,Central Hills,2011,1623.79
Bhaktapur,Central Hills,2012,1745.69
Bhaktapur,Central Hills,2013,1606.46
Bhaktapur,Central Hills,2014,1654.7
Bhaktapur,Central Hills,2015,1629.2
Bhaktapur,Central Hills,2016,1589.57
Bhaktapur,Central Hills,2017,1629.7
Bhaktapur,Central Hills,2018,1642.27
Bhaktapur,Central Hills,2019,1626.13
Bhaktapur,Central Hills,2020,1549.1399999999999
Bhaktapur,Central Hills,2021,1551.91
Bhaktapur,Central Hills,2022,1621.97
Bhaktapur,Central Hills,2023,1686.59
Bhojpur,Eastern Hills,2005,1644.05
Bhojpur,Eastern Hills,2006,1623.46
Bhojpur,Eastern Hills,2007,1536.7
Bhojpur,Eastern Hills,2008,1567.6200000000001
Bhojpur,Eastern Hills,2009,1590.13
Bhojpur,Eastern Hills,2010,1582.46
Bhojpur,Eastern Hills,2011,1553.54
Bhojpur,Eastern Hills,2012,1650.56
Bhojpur,Eastern Hills,2013,1561.9
Bhojpur,Eastern Hills,2014,1582.79
Bhojpur,Eastern Hills,2015,1540.84
Bhojpur,Eastern Hills,2016,1526.27
Bhojpur,Eastern Hills,2017,1546.61
Bhojpur,Eastern Hills,2018,1516.13
Bhojpur,Eastern Hills,2019,1550.32
Bhojpur,Eastern Hills,2020,1458.06
Bhojpur,Eastern Hills,2021,1535.55
Bhojpur,Eastern Hills,2022,1551.6100000000001
Bhojpur,Eastern Hills,2023,1628.52
Chitwan,Western Terai,2005,1749.46
Chitwan,Western Terai,2006,1718.8799999999999
Chitwan,Western Terai,2007,1602.05
Chitwan,Western Terai,2008,1660.81
Chitwan,Western Terai,2009,1745.8
Chitwan,Western Terai,2010,1713.41
Chitwan,Western Terai,2011,1648.01
Chitwan,Western Terai,2012,1783.33
Chitwan,Western Terai,2013,1625.1299999999999
Chitwan,Western Terai,2014,1679.8899999999999
Chitwan,Western Terai,2015,1664.81
Chitwan,Western Terai,2016,1627.92
Chitwan,Western Terai,2017,1653.06
Chitwan,Western Terai,2018,1665.39
Chitwan,Western Terai,2019,1672.17
Chitwan,Western Terai,2020,1568.71
Chitwan,Western Terai,2021,1569.18
Chitwan,Western Terai,2022,1661.8799999999999
Chitwan,Western Terai,2023,1734.1
Dadeldhura,Far-West Hills,2005,1717.37
Dadeldhura,Far-West Hills,2006,1701.41
Dadeldhura,Far-West Hills,2007,1627.39
Dadeldhura,Far-West Hills,2008,1636.95
Dadeldhura,Far-West Hills,2009,1775.9
Dadeldhura,Far-West Hills,2010,1724.8600000000001
Dadeldhura,Far-West Hills,2011,1632.44
Dadeldhura,Far-West Hills,2012,1726.3400000000001
Dadeldhura,Far-West Hills,2013,1617.08
Dadeldhura,Far-West Hills,2014,1705.7
Dadeldhura,Far-West Hills,2015,1674.64
Dadeldhura,Far-West Hills,2016,1646.54
Dadeldhura,Far-West Hills,2017,1653.33
Dadeldhura,Far-West Hills,2018,1654.75
Dadeldhura,Far-West Hills,2019,1664.04
Dadeldhura,Far-West Hills,2020,1635.7
Dadeldhura,Far-West Hills,2021,1611.8
Dadeldhura,Far-West Hills,2022,1657.51
Dadeldhura,Far-West Hills,2023,1679.61
Dailekh,Mid-West Hills,2005,1788.04
Dailekh,Mid-West Hills,2006,1769.5
Dailekh,Mid-West Hills,2007,1704.69
Dailekh,Mid-West Hills,2008,1707.1499999999999
Dailekh,Mid-West Hills,2009,1834.34
Dailekh,Mid-West Hills,2010,1788.81
Dailekh,Mid-West Hills,2011,1715.3899999999999
Dailekh,Mid-West Hills,2012,1804.7
Dailekh,Mid-West Hills,2013,1671.23
Dailekh,Mid-West Hills,2014,1795.07
Dailekh,Mid-West Hills,2015,1746.3899999999999
Dailekh,Mid-West Hills,2016,1708.01
Dailekh,Mid-West Hills,2017,1726.72
Dailekh,Mid-West Hills,2018,1743.94
Dailekh,Mid-West Hills,2019,1712.33
Dailekh,Mid-West Hills,2020,1689.97
Dailekh,Mid-West Hills,2021,1642.52
Dailekh,Mid-West Hills,2022,1733.56
Dailekh,Mid-West Hills,2023,1737.07
Dang,Inner Terai,2005,1854.75
Dang,Inner Terai,2006,1837.4
Dang,Inner Terai,2007,1747.16
Dang,Inner Terai,2008,1758.28
Dang,Inner Terai,2009,1880.3700000000001
Dang,Inner Terai,2010,1822.3700000000001
Dang,Inner Terai,2011,1787.27
Dang,Inner Terai,2012,1883.2
Dang,Inner Terai,2013,1711.33
Dang,Inner Terai,2014,1835.51
Dang,Inner Terai,2015,1784.42
Dang,Inner Terai,2016,1748.71
Dang,Inner Terai,2017,1775.11
Dang,Inner Terai,2018,1805.0
Dang,Inner Terai,2019,1765.5800000000002
Dang,Inner Terai,2020,1697.26
Dang,Inner Terai,2021,1676.36
Dang,Inner Terai,2022,1792.9
Dang,Inner Terai,2023,1812.07
Darchula,Far-West Hills,2005,1704.09
Darchula,Far-West Hills,2006,1696.94
Darchula,Far-West Hills,2007,1645.4
Darchula,Far-West Hills,2008,1639.53
Darchula,Far-West Hills,2009,1778.75
Darchula,Far-West Hills,2010,1730.99
Darchula,Far-West Hills,2011,1620.96
Darchula,Far-West Hills,2012,1710.21
Darchula,Far-West Hills,2013,1634.06
Darchula,Far-West Hills,2014,1703.6399999999999
Darchula,Far-West Hills,2015,1697.1100000000001
Darchula,Far-West Hills,2016,1653.34
Darchula,Far-West Hills,2017,1635.74
Darchula,Far-West Hills,2018,1648.09
Darchula,Far-West Hills,2019,1671.27
Darchula,Far-West Hills,2020,1658.82
Darchula,Far-West Hills,2021,1622.91
Darchula,Far-West Hills,2022,1667.45
Darchula,Far-West Hills,2023,1661.48
Dhading,Central Hills,2005,1703.69
Dhading,Central Hills,2006,1657.67
Dhading,Central Hills,2007,1561.13
Dhading,Central Hills,2008,1618.3
Dhading,Central Hills,2009,1690.26
Dhading,Central Hills,2010,1663.83
Dhading,Central Hills,2011,1601.07
Dhading,Central Hills,2012,1722.84
Dhading,Central Hills,2013,1574.47
Dhading,Central Hills,2014,1637.0
Dhading,Central Hills,2015,1620.56
Dhading,Central Hills,2016,1575.3600000000001
Dhading,Central Hills,2017,1614.58
Dhading,Central Hills,2018,1606.28
Dhading,Central Hills,2019,1615.24
Dhading,Central Hills,2020,1527.61
Dhading,Central Hills,2021,1513.34
Dhading,Central Hills,2022,1598.63
Dhading,Central Hills,2023,1669.8700000000001
Dhankuta,Eastern Hills,2005,1621.99
Dhankuta,Eastern Hills,2006,1608.75
Dhankuta,Eastern Hills,2007,1530.54
Dhankuta,Eastern Hills,2008,1545.07
Dhankuta,Eastern Hills,2009,1569.93
Dhankuta,Eastern Hills,2010,1567.45
Dhankuta,Eastern Hills,2011,1537.8
Dhankuta,Eastern Hills,2012,1627.17
Dhankuta,Eastern Hills,2013,1544.95
Dhankuta,Eastern Hills,2014,1573.83
Dhankuta,Eastern Hills,2015,1534.75
Dhankuta,Eastern Hills,2016,1517.11
Dhankuta,Eastern Hills,2017,1544.23
Dhankuta,Eastern Hills,2018,1504.25
Dhankuta,Eastern Hills,2019,1536.67
Dhankuta,Eastern Hills,2020,1448.6399999999999
Dhankuta,Eastern Hills,2021,1522.19
Dhankuta,Eastern Hills,2022,1543.03
Dhankuta,Eastern Hills,2023,1611.33
Dhanusha,Madhesh Terai,2005,1796.77
Dhanusha,Madhesh Terai,2006,1795.34
Dhanusha,Madhesh Terai,2007,1706.47
Dhanusha,Madhesh Terai,2008,1723.79
Dhanusha,Madhesh Terai,2009,1790.8600000000001
Dhanusha,Madhesh Terai,2010,1775.92
Dhanusha,Madhesh Terai,2011,1723.82
Dhanusha,Madhesh Terai,2012,1837.27
Dhanusha,Madhesh Terai,2013,1722.1200000000001
Dhanusha,Madhesh Terai,2014,1731.64
Dhanusha,Madhesh Terai,2015,1712.3600000000001
Dhanusha,Madhesh Terai,2016,1695.18
Dhanusha,Madhesh Terai,2017,1717.02
Dhanusha,Madhesh Terai,2018,1745.38
Dhanusha,Madhesh Terai,2019,1752.29
Dhanusha,Madhesh Terai,2020,1636.52
Dhanusha,Madhesh Terai,2021,1692.54
Dhanusha,Madhesh Terai,2022,1748.1100000000001
Dhanusha,Madhesh Terai,2023,1805.48
Dolakha,Central Hills,2005,1712.1100000000001
Dolakha,Central Hills,2006,1660.38
Dolakha,Central Hills,2007,1592.63
Dolakha,Central Hills,2008,1625.01
Dolakha,Central Hills,2009,1683.45
Dolakha,Central Hills,2010,1668.6
Dolakha,Central Hills,2011,1592.49
Dolakha,Central Hills,2012,1748.77
Dolakha,Central Hills,2013,1600.87
Dolakha,Central Hills,2014,1656.49
Dolakha,Central Hills,2015,1638.44
Dolakha,Central Hills,2016,1578.29
Dolakha,Central Hills,2017,1614.58
Dolakha,Central Hills,2018,1618.64
Dolakha,Central Hills,2019,1648.77
Dolakha,Central Hills,2020,1539.79
Dolakha,Central Hills,2021,1539.76
Dolakha,Central Hills,2022,1593.85
Dolakha,Central Hills,2023,1663.29
Dolpa,High Mountain,2005,1881.1200000000001
Dolpa,High Mountain,2006,1814.12
Dolpa,High Mountain,2007,1808.05
Dolpa,High Mountain,2008,1793.59
Dolpa,High Mountain,2009,1877.37
Dolpa,High Mountain,2010,1803.55
Dolpa,High Mountain,2011,1794.06
Dolpa,High Mountain,2012,1859.24
Dolpa,High Mountain,2013,1787.45
Dolpa,High Mountain,2014,1893.3999999999999
Dolpa,High Mountain,2015,1876.45
Dolpa,High Mountain,2016,1779.99
Dolpa,High Mountain,2017,1808.54
Dolpa,High Mountain,2018,1789.9
Dolpa,High Mountain,2019,1822.68
Dolpa,High Mountain,2020,1822.54
Dolpa,High Mountain,2021,1727.04
Dolpa,High Mountain,2022,1803.26
Dolpa,High Mountain,2023,1809.1299999999999
Doti,Far-West Hills,2005,1644.3999999999999
Doti,Far-West Hills,2006,1628.71
Doti,Far-West Hills,2007,1570.12
Doti,Far-West Hills,2008,1590.67
Doti,Far-West Hills,2009,1700.06
Doti,Far-West Hills,2010,1660.53
Doti,Far-West Hills,2011,1575.04
Doti,Far-West Hills,2012,1646.18
Doti,Far-West Hills,2013,1562.17
Doti,Far-West Hills,2014,1639.98
Doti,Far-West Hills,2015,1628.02
Doti,Far-West Hills,2016,1596.85
Doti,Far-West Hills,2017,1585.27
Doti,Far-West Hills,2018,1598.94
Doti,Far-West Hills,2019,1591.26
Doti,Far-West Hills,2020,1573.82
Doti,Far-West Hills,2021,1549.95
Doti,Far-West Hills,2022,1606.05
Doti,Far-West Hills,2023,1602.27
Gorkha,Central Hills,2005,1654.6799999999998
Gorkha,Central Hills,2006,1610.21
Gorkha,Central Hills,2007,1513.22
Gorkha,Central Hills,2008,1572.16
Gorkha,Central Hills,2009,1645.4
Gorkha,Central Hills,2010,1614.57
Gorkha,Central Hills,2011,1552.15
Gorkha,Central Hills,2012,1674.76
Gorkha,Central Hills,2013,1525.43
Gorkha,Central Hills,2014,1592.44
Gorkha,Central Hills,2015,1574.3
Gorkha,Central Hills,2016,1530.3
Gorkha,Central Hills,2017,1563.8
Gorkha,Central Hills,2018,1556.17
Gorkha,Central Hills,2019,1577.64
Gorkha,Central Hills,2020,1481.85
Gorkha,Central Hills,2021,1468.92
Gorkha,Central Hills,2022,1553.4
Gorkha,Central Hills,2023,1626.05
Gulmi,Western Hills,2005,1622.46
Gulmi,Western Hills,2006,1592.71
Gulmi,Western Hills,2007,1493.99
Gulmi,Western Hills,2008,1535.6200000000001
Gulmi,Western Hills,2009,1630.85
Gulmi,Western Hills,2010,1583.94
Gulmi,Western Hills,2011,1521.41
Gulmi,Western Hills,2012,1644.39
Gulmi,Western Hills,2013,1483.55
Gulmi,Western Hills,2014,1569.31
Gulmi,Western Hills,2015,1534.77
Gulmi,Western Hills,2016,1491.29
Gulmi,Western Hills,2017,1517.76
Gulmi,Western Hills,2018,1521.61
Gulmi,Western Hills,2019,1540.03
Gulmi,Western Hills,2020,1439.92
Gulmi,Western Hills,2021,1434.21
Gulmi,Western Hills,2022,1526.75
Gulmi,Western Hills,2023,1584.53
Humla,High Mountain,2005,1756.56
Humla,High Mountain,2006,1759.1399999999999
Humla,High Mountain,2007,1742.28
Humla,High Mountain,2008,1729.1
Humla,High Mountain,2009,1821.9
Humla,High Mountain,2010,1761.49
Humla,High Mountain,2011,1731.09
Humla,High Mountain,2012,1753.24
Humla,High Mountain,2013,1731.1399999999999
Humla,High Mountain,2014,1797.8700000000001
Humla,High Mountain,2015,1814.46
Humla,High Mountain,2016,1741.57
Humla,High Mountain,2017,1716.05
Humla,High Mountain,2018,1733.66
Humla,High Mountain,2019,1735.97
Humla,High Mountain,2020,1749.56
Humla,High Mountain,2021,1675.77
Humla,High Mountain,2022,1740.04
Humla,High Mountain,2023,1729.9099999999999
Ilam,Eastern Hills,2005,1604.3
Ilam,Eastern Hills,2006,1627.54
Ilam,Eastern Hills,2007,1536.3799999999999
Ilam,Eastern Hills,2008,1537.31
Ilam,Eastern Hills,2009,1556.52
Ilam,Eastern Hills,2010,1553.62
Ilam,Eastern Hills,2011,1534.94
Ilam,Eastern Hills,2012,1616.23
Ilam,Eastern Hills,2013,1553.67
Ilam,Eastern Hills,2014,1577.56
Ilam,Eastern Hills,2015,1529.25
Ilam,Eastern Hills,2016,1517.35
Ilam,Eastern Hills,2017,1548.52
Ilam,Eastern Hills,2018,1514.45
Ilam,Eastern Hills,2019,1535.81
Ilam,Eastern Hills,2020,1460.41
Ilam,Eastern Hills,2021,1540.53
Ilam,Eastern Hills,2022,1547.25
Ilam,Eastern Hills,2023,1621.38
Jajarkot,Mid-West Hills,2005,1776.91
Jajarkot,Mid-West Hills,2006,1757.11
Jajarkot,Mid-West Hills,2007,1682.7
Jajarkot,Mid-West Hills,2008,1692.08
Jajarkot,Mid-West Hills,2009,1821.37
Jajarkot,Mid-West Hills,2010,1764.9
Jajarkot,Mid-West Hills,2011,1704.16
Jajarkot,Mid-West Hills,2012,1807.71
Jajarkot,Mid-West Hills,2013,1642.1299999999999
Jajarkot,Mid-West Hills,2014,1782.3
Jajarkot,Mid-West Hills,2015,1718.29
Jajarkot,Mid-West Hills,2016,1682.5
Jajarkot,Mid-West Hills,2017,1708.66
Jajarkot,Mid-West Hills,2018,1720.15
Jajarkot,Mid-West Hills,2019,1689.01
Jajarkot,Mid-West Hills,2020,1656.17
Jajarkot,Mid-West Hills,2021,1617.44
Jajarkot,Mid-West Hills,2022,1714.3
Jajarkot,Mid-West Hills,2023,1720.1200000000001
Jhapa,Eastern Terai,2005,1632.49
Jhapa,Eastern Terai,2006,1679.02
Jhapa,Eastern Terai,2007,1584.17
Jhapa,Eastern Terai,2008,1585.01
Jhapa,Eastern Terai,2009,1610.91
Jhapa,Eastern Terai,2010,1590.66
Jhapa,Eastern Terai,2011,1583.13
Jhapa,Eastern Terai,2012,1663.38
Jhapa,Eastern Terai,2013,1607.95
Jhapa,Eastern Terai,2014,1624.72
Jhapa,Eastern Terai,2015,1563.92
Jhapa,Eastern Terai,2016,1568.82
Jhapa,Eastern Terai,2017,1579.68
Jhapa,Eastern Terai,2018,1576.7
Jhapa,Eastern Terai,2019,1581.34
Jhapa,Eastern Terai,2020,1514.14
Jhapa,Eastern Terai,2021,1600.85
Jhapa,Eastern Terai,2022,1587.1
Jhapa,Eastern Terai,2023,1672.8
Jumla,High Mountain,2005,1875.09
Jumla,High Mountain,2006,1861.33
Jumla,High Mountain,2007,1829.51
Jumla,High Mountain,2008,1811.54
Jumla,High Mountain,2009,1925.66
Jumla,High Mountain,2010,1862.6200000000001
Jumla,High Mountain,2011,1814.38
Jumla,High Mountain,2012,1879.33
Jumla,High Mountain,2013,1809.73
Jumla,High Mountain,2014,1921.78
Jumla,High Mountain,2015,1906.29
Jumla,High Mountain,2016,1825.93
Jumla,High Mountain,2017,1813.34
Jumla,High Mountain,2018,1828.78
Jumla,High Mountain,2019,1829.89
Jumla,High Mountain,2020,1846.72
Jumla,High Mountain,2021,1740.6200000000001
Jumla,High Mountain,2022,1829.89
Jumla,High Mountain,2023,1814.8
Kailali,Far-West Terai,2005,1787.71
Kailali,Far-West Terai,2006,1777.3700000000001
Kailali,Far-West Terai,2007,1698.46
Kailali,Far-West Terai,2008,1706.98
Kailali,Far-West Terai,2009,1824.26
Kailali,Far-West Terai,2010,1762.86
Kailali,Far-West Terai,2011,1719.34
Kailali,Far-West Terai,2012,1795.16
Kailali,Far-West Terai,2013,1676.96
Kailali,Far-West Terai,2014,1775.05
Kailali,Far-West Terai,2015,1735.56
Kailali,Far-West Terai,2016,1718.52
Kailali,Far-West Terai,2017,1735.6
Kailali,Far-West Terai,2018,1737.71
Kailali,Far-West Terai,2019,1722.32
Kailali,Far-West Terai,2020,1696.01
Kailali,Far-West Terai,2021,1659.68
Kailali,Far-West Terai,2022,1731.25
Kailali,Far-West Terai,2023,1743.71
Kalikot,Mid-West Hills,2005,1733.63
Kalikot,Mid-West Hills,2006,1711.74
Kalikot,Mid-West Hills,2007,1655.71
Kalikot,Mid-West Hills,2008,1669.83
Kalikot,Mid-West Hills,2009,1782.07
Kalikot,Mid-West Hills,2010,1740.18
Kalikot,Mid-West Hills,2011,1658.5
Kalikot,Mid-West Hills,2012,1740.88
Kalikot,Mid-West Hills,2013,1637.16
Kalikot,Mid-West Hills,2014,1745.69
Kalikot,Mid-West Hills,2015,1707.71
Kalikot,Mid-West Hills,2016,1670.12
Kalikot,Mid-West Hills,2017,1670.3
Kalikot,Mid-West Hills,2018,1693.89
Kalikot,Mid-West Hills,2019,1670.48
Kalikot,Mid-West Hills,2020,1655.79
Kalikot,Mid-West Hills,2021,1609.05
Kalikot,Mid-West Hills,2022,1691.91
Kalikot,Mid-West Hills,2023,1677.31
Kanchanpur,Far-West Terai,2005,1787.94
Kanchanpur,Far-West Terai,2006,1777.8
Kanchanpur,Far-West Terai,2007,1697.14
Kanchanpur,Far-West Terai,2008,1701.65
Kanchanpur,Far-West Terai,2009,1829.8899999999999
Kanchanpur,Far-West Terai,2010,1762.61
Kanchanpur,Far-West Terai,2011,1713.27
Kanchanpur,Far-West Terai,2012,1796.77
Kanchanpur,Far-West Terai,2013,1676.85
Kanchanpur,Far-West Terai,2014,1780.18
Kanchanpur,Far-West Terai,2015,1731.29
Kanchanpur,Far-West Terai,2016,1709.09
Kanchanpur,Far-West Terai,2017,1735.16
Kanchanpur,Far-West Terai,2018,1729.17
Kanchanpur,Far-West Terai,2019,1736.42
Kanchanpur,Far-West Terai,2020,1700.75
Kanchanpur,Far-West Terai,2021,1671.78
Kanchanpur,Far-West Terai,2022,1723.74
Kanchanpur,Far-West Terai,2023,1749.1799999999998
Kapilvastu,Western Terai,2005,1836.58
Kapilvastu,Western Terai,2006,1815.76
Kapilvastu,Western Terai,2007,1712.1100000000001
Kapilvastu,Western Terai,2008,1732.25
Kapilvastu,Western Terai,2009,1845.72
Kapilvastu,Western Terai,2010,1797.73
Kapilvastu,Western Terai,2011,1762.01
Kapilvastu,Western Terai,2012,1861.31
Kapilvastu,Western Terai,2013,1695.02
Kapilvastu,Western Terai,2014,1771.1399999999999
Kapilvastu,Western Terai,2015,1758.95
Kapilvastu,Western Terai,2016,1715.61
Kapilvastu,Western Terai,2017,1741.11
Kapilvastu,Western Terai,2018,1772.8600000000001
Kapilvastu,Western Terai,2019,1747.53
Kapilvastu,Western Terai,2020,1659.71
Kapilvastu,Western Terai,2021,1657.96
Kapilvastu,Western Terai,2022,1756.47
Kapilvastu,Western Terai,2023,1822.17
Kaski,Western Hills,2005,1685.88
Kaski,Western Hills,2006,1650.19
Kaski,Western Hills,2007,1540.25
Kaski,Western Hills,2008,1603.45
Kaski,Western Hills,2009,1690.53
Kaski,Western Hills,2010,1647.63
Kaski,Western Hills,2011,1575.67
Kaski,Western Hills,2012,1706.29
Kaski,Western Hills,2013,1550.73
Kaski,Western Hills,2014,1635.91
Kaski,Western Hills,2015,1596.78
Kaski,Western Hills,2016,1551.6
Kaski,Western Hills,2017,1594.03
Kaski,Western Hills,2018,1571.31
Kaski,Western Hills,2019,1597.98
Kaski,Western Hills,2020,1496.29
Kaski,Western Hills,2021,1492.16
Kaski,Western Hills,2022,1576.2
Kaski,Western Hills,2023,1645.36
Kathmandu,Central Hills,2005,1722.78
Kathmandu,Central Hills,2006,1678.34
Kathmandu,Central Hills,2007,1584.21
Kathmandu,Central Hills,2008,1630.22
Kathmandu,Central Hills,2009,1707.31
Kathmandu,Central Hills,2010,1684.8
Kathmandu,Central Hills,2011,1623.69
Kathmandu,Central Hills,2012,1745.5900000000001
Kathmandu,Central Hills,2013,1606.34
Kathmandu,Central Hills,2014,1654.66
Kathmandu,Central Hills,2015,1629.1100000000001
Kathmandu,Central Hills,2016,1589.46
Kathmandu,Central Hills,2017,1629.54
Kathmandu,Central Hills,2018,1642.16
Kathmandu,Central Hills,2019,1626.05
Kathmandu,Central Hills,2020,1549.1100000000001
Kathmandu,Central Hills,2021,1551.81
Kathmandu,Central Hills,2022,1621.9099999999999
Kathmandu,Central Hills,2023,1686.46
Kavrepalanchok,Central Hills,2005,1656.78
Kavrepalanchok,Central Hills,2006,1611.22
Kavrepalanchok,Central Hills,2007,1531.63
Kavrepalanchok,Central Hills,2008,1569.3999999999999
Kavrepalanchok,Central Hills,2009,1642.73
Kavrepalanchok,Central Hills,2010,1622.76
Kavrepalanchok,Central Hills,2011,1555.44
Kavrepalanchok,Central Hills,2012,1684.72
Kavrepalanchok,Central Hills,2013,1548.26
Kavrepalanchok,Central Hills,2014,1600.43
Kavrepalanchok,Central Hills,2015,1576.14
Kavrepalanchok,Central Hills,2016,1527.96
Kavrepalanchok,Central Hills,2017,1567.98
Kavrepalanchok,Central Hills,2018,1578.46
Kavrepalanchok,Central Hills,2019,1575.66
Kavrepalanchok,Central Hills,2020,1493.9
Kavrepalanchok,Central Hills,2021,1492.64
Kavrepalanchok,Central Hills,2022,1554.47
Kavrepalanchok,Central Hills,2023,1619.28
Khotang,Eastern Hills,2005,1602.45
Khotang,Eastern Hills,2006,1578.1000000000001
Khotang,Eastern Hills,2007,1489.97
Khotang,Eastern Hills,2008,1529.01
Khotang,Eastern Hills,2009,1553.21
Khotang,Eastern Hills,2010,1538.73
Khotang,Eastern Hills,2011,1512.54
Khotang,Eastern Hills,2012,1611.8999999999999
Khotang,Eastern Hills,2013,1519.86
Khotang,Eastern Hills,2014,1532.04
Khotang,Eastern Hills,2015,1493.45
Khotang,Eastern Hills,2016,1477.18
Khotang,Eastern Hills,2017,1496.16
Khotang,Eastern Hills,2018,1476.93
Khotang,Eastern Hills,2019,1510.78
Khotang,Eastern Hills,2020,1417.36
Khotang,Eastern Hills,2021,1490.41
Khotang,Eastern Hills,2022,1507.28
Khotang,Eastern Hills,2023,1584.07
Lalitpur,Central Hills,2005,1722.26
Lalitpur,Central Hills,2006,1677.84
Lalitpur,Central Hills,2007,1583.97
Lalitpur,Central Hills,2008,1629.69
Lalitpur,Central Hills,2009,1706.78
Lalitpur,Central Hills,2010,1684.33
Lalitpur,Central Hills,2011,1622.98
Lalitpur,Central Hills,2012,1745.05
Lalitpur,Central Hills,2013,1605.88
Lalitpur,Central Hills,2014,1654.01
Lalitpur,Central Hills,2015,1628.57
Lalitpur,Central Hills,2016,1589.1
Lalitpur,Central Hills,2017,1628.96
Lalitpur,Central Hills,2018,1641.67
Lalitpur,Central Hills,2019,1625.51
Lalitpur,Central Hills,2020,1548.57
Lalitpur,Central Hills,2021,1551.27
Lalitpur,Central Hills,2022,1621.57
Lalitpur,Central Hills,2023,1685.98
Lamjung,Western Hills,2005,1679.77
Lamjung,Western Hills,2006,1641.03
Lamjung,Western Hills,2007,1540.96
Lamjung,Western Hills,2008,1601.64
Lamjung,Western Hills,2009,1681.29
Lamjung,Western Hills,2010,1642.0
Lamjung,Western Hills,2011,1574.85
Lamjung,Western Hills,2012,1695.67
Lamjung,Western Hills,2013,1548.29
Lamjung,Western Hills,2014,1630.1000000000001
Lamjung,Western Hills,2015,1601.68
Lamjung,Western Hills,2016,1554.33
Lamjung,Western Hills,2017,1594.53
Lamjung,Western Hills,2018,1568.9
Lamjung,Western Hills,2019,1596.3200000000002
Lamjung,Western Hills,2020,1496.88
Lamjung,Western Hills,2021,1485.16
Lamjung,Western Hills,2022,1571.54
Lamjung,Western Hills,2023,1638.21
Mahottari,Madhesh Terai,2005,1821.97
Mahottari,Madhesh Terai,2006,1820.7
Mahottari,Madhesh Terai,2007,1729.6899999999998
Mahottari,Madhesh Terai,2008,1751.68
Mahottari,Madhesh Terai,2009,1825.43
Mahottari,Madhesh Terai,2010,1806.54
Mahottari,Madhesh Terai,2011,1749.65
Mahottari,Madhesh Terai,2012,1861.95
Mahottari,Madhesh Terai,2013,1750.62
Mahottari,Madhesh Terai,2014,1760.1399999999999
Mahottari,Madhesh Terai,2015,1747.12
Mahottari,Madhesh Terai,2016,1723.44
Mahottari,Madhesh Terai,2017,1743.44
Mahottari,Madhesh Terai,2018,1778.43
Mahottari,Madhesh Terai,2019,1778.38
Mahottari,Madhesh Terai,2020,1666.48
Mahottari,Madhesh Terai,2021,1709.27
Mahottari,Madhesh Terai,2022,1777.51
Mahottari,Madhesh Terai,2023,1829.95
Makwanpur,Central Hills,2005,1780.99
Makwanpur,Central Hills,2006,1756.77
Makwanpur,Central Hills,2007,1655.4099999999999
Makwanpur,Central Hills,2008,1697.28
Makwanpur,Central Hills,2009,1778.81
Makwanpur,Central Hills,2010,1752.44
Makwanpur,Central Hills,2011,1688.07
Makwanpur,Central Hills,2012,1811.11
Makwanpur,Central Hills,2013,1680.12
Makwanpur,Central Hills,2014,1712.01
Makwanpur,Central Hills,2015,1704.05
Makwanpur,Central Hills,2016,1664.76
Makwanpur,Central Hills,2017,1690.93
Makwanpur,Central Hills,2018,1716.9299999999998
Makwanpur,Central Hills,2019,1704.59
Makwanpur,Central Hills,2020,1615.67
Makwanpur,Central Hills,2021,1624.53
Makwanpur,Central Hills,2022,1707.51
Makwanpur,Central Hills,2023,1767.06
Manang,High Mountain,2005,1868.01
Manang,High Mountain,2006,1814.8
Manang,High Mountain,2007,1741.57
Manang,High Mountain,2008,1783.96
Manang,High Mountain,2009,1858.45
Manang,High Mountain,2010,1793.26
Manang,High Mountain,2011,1772.06
Manang,High Mountain,2012,1866.15
Manang,High Mountain,2013,1745.95
Manang,High Mountain,2014,1842.16
Manang,High Mountain,2015,1825.3400000000001
Manang,High Mountain,2016,1737.4199999999998
Manang,High Mountain,2017,1786.46
Manang,High Mountain,2018,1783.59
Manang,High Mountain,2019,1782.8899999999999
Manang,High Mountain,2020,1718.96
Manang,High Mountain,2021,1668.51
Manang,High Mountain,2022,1741.56
Manang,High Mountain,2023,1807.94
Morang,Eastern Terai,2005,1669.54
Morang,Eastern Terai,2006,1704.02
Morang,Eastern Terai,2007,1615.38
Morang,Eastern Terai,2008,1619.1299999999999
Morang,Eastern Terai,2009,1653.18
Morang,Eastern Terai,2010,1637.5
Morang,Eastern Terai,2011,1615.47
Morang,Eastern Terai,2012,1706.02
Morang,Eastern Terai,2013,1633.63
Morang,Eastern Terai,2014,1653.23
Morang,Eastern Terai,2015,1594.07
Morang,Eastern Terai,2016,1603.75
Morang,Eastern Terai,2017,1611.09
Morang,Eastern Terai,2018,1613.12
Morang,Eastern Terai,2019,1619.66
Morang,Eastern Terai,2020,1537.03
Morang,Eastern Terai,2021,1627.29
Morang,Eastern Terai,2022,1627.33
Morang,Eastern Terai,2023,1703.22
Mugu,High Mountain,2005,1730.43
Mugu,High Mountain,2006,1714.95
Mugu,High Mountain,2007,1678.65
Mugu,High Mountain,2008,1676.26
Mugu,High Mountain,2009,1774.26
Mugu,High Mountain,2010,1679.53
Mugu,High Mountain,2011,1671.57
Mugu,High Mountain,2012,1727.04
Mugu,High Mountain,2013,1671.71
Mugu,High Mountain,2014,1772.54
Mugu,High Mountain,2015,1755.48
Mugu,High Mountain,2016,1677.01
Mugu,High Mountain,2017,1675.52
Mugu,High Mountain,2018,1677.92
Mugu,High Mountain,2019,1706.24
Mugu,High Mountain,2020,1722.93
Mugu,High Mountain,2021,1644.97
Mugu,High Mountain,2022,1666.64
Mugu,High Mountain,2023,1702.98
Mustang,High Mountain,2005,2075.09
Mustang,High Mountain,2006,2020.02
Mustang,High Mountain,2007,1965.49
Mustang,High Mountain,2008,1982.03
Mustang,High Mountain,2009,2075.57
Mustang,High Mountain,2010,2004.43
Mustang,High Mountain,2011,1980.23
Mustang,High Mountain,2012,2058.25
Mustang,High Mountain,2013,1962.24
Mustang,High Mountain,2014,2061.37
Mustang,High Mountain,2015,2056.84
Mustang,High Mountain,2016,1945.24
Mustang,High Mountain,2017,1990.23
Mustang,High Mountain,2018,1969.1
Mustang,High Mountain,2019,2010.3
Mustang,High Mountain,2020,1963.14
Mustang,High Mountain,2021,1903.43
Mustang,High Mountain,2022,1966.86
Mustang,High Mountain,2023,2007.31
Myagdi,Western Hills,2005,1543.52
Myagdi,Western Hills,2006,1527.32
Myagdi,Western Hills,2007,1432.43
Myagdi,Western Hills,2008,1470.35
Myagdi,Western Hills,2009,1558.87
Myagdi,Western Hills,2010,1510.03
Myagdi,Western Hills,2011,1439.29
Myagdi,Western Hills,2012,1561.57
Myagdi,Western Hills,2013,1425.17
Myagdi,Western Hills,2014,1506.69
Myagdi,Western Hills,2015,1471.84
Myagdi,Western Hills,2016,1422.93
Myagdi,Western Hills,2017,1462.58
Myagdi,Western Hills,2018,1445.18
Myagdi,Western Hills,2019,1464.1499999999999
Myagdi,Western Hills,2020,1381.55
Myagdi,Western Hills,2021,1364.97
Myagdi,Western Hills,2022,1454.47
Myagdi,Western Hills,2023,1496.2
Nawalpur,Inner Terai,2005,1751.6
Nawalpur,Inner Terai,2006,1723.85
Nawalpur,Inner Terai,2007,1599.58
Nawalpur,Inner Terai,2008,1660.77
Nawalpur,Inner Terai,2009,1752.48
Nawalpur,Inner Terai,2010,1716.27
Nawalpur,Inner Terai,2011,1652.91
Nawalpur,Inner Terai,2012,1787.63
Nawalpur,Inner Terai,2013,1626.97
Nawalpur,Inner Terai,2014,1686.42
Nawalpur,Inner Terai,2015,1658.26
Nawalpur,Inner Terai,2016,1630.55
Nawalpur,Inner Terai,2017,1653.53
Nawalpur,Inner Terai,2018,1670.32
Nawalpur,Inner Terai,2019,1671.8200000000002
Nawalpur,Inner Terai,2020,1565.99
Nawalpur,Inner Terai,2021,1575.96
Nawalpur,Inner Terai,2022,1665.01
Nawalpur,Inner Terai,2023,1735.78
Nuwakot,Central Hills,2005,1712.21
Nuwakot,Central Hills,2006,1662.3
Nuwakot,Central Hills,2007,1570.42
Nuwakot,Central Hills,2008,1622.05
Nuwakot,Central Hills,2009,1694.74
Nuwakot,Central Hills,2010,1672.06
Nuwakot,Central Hills,2011,1612.15
Nuwakot,Central Hills,2012,1728.4099999999999
Nuwakot,Central Hills,2013,1584.49
Nuwakot,Central Hills,2014,1645.44
Nuwakot,Central Hills,2015,1624.22
Nuwakot,Central Hills,2016,1579.3600000000001
Nuwakot,Central Hills,2017,1624.58
Nuwakot,Central Hills,2018,1619.32
Nuwakot,Central Hills,2019,1611.56
Nuwakot,Central Hills,2020,1535.1299999999999
Nuwakot,Central Hills,2021,1522.91
Nuwakot,Central Hills,2022,1604.22
Nuwakot,Central Hills,2023,1669.3600000000001
Okhaldhunga,Central Hills,2005,1605.99
Okhaldhunga,Central Hills,2006,1564.25
Okhaldhunga,Central Hills,2007,1486.57
Okhaldhunga,Central Hills,2008,1526.82
Okhaldhunga,Central Hills,2009,1556.55
Okhaldhunga,Central Hills,2010,1541.65
Okhaldhunga,Central Hills,2011,1504.76
Okhaldhunga,Central Hills,2012,1616.92
Okhaldhunga,Central Hills,2013,1510.79
Okhaldhunga,Central Hills,2014,1533.51
Okhaldhunga,Central Hills,2015,1512.43
Okhaldhunga,Central Hills,2016,1480.48
Okhaldhunga,Central Hills,2017,1498.19
Okhaldhunga,Central Hills,2018,1494.04
Okhaldhunga,Central Hills,2019,1524.77
Okhaldhunga,Central Hills,2020,1416.94
Okhaldhunga,Central Hills,2021,1470.28
Okhaldhunga,Central Hills,2022,1498.7
Okhaldhunga,Central Hills,2023,1570.02
Palpa,Western Hills,2005,1739.87
Palpa,Western Hills,2006,1707.04
Palpa,Western Hills,2007,1586.3
Palpa,Western Hills,2008,1645.75
Palpa,Western Hills,2009,1743.9099999999999
Palpa,Western Hills,2010,1702.34
Palpa,Western Hills,2011,1635.18
Palpa,Western Hills,2012,1769.27
Palpa,Western Hills,2013,1596.7
Palpa,Western Hills,2014,1673.53
Palpa,Western Hills,2015,1633.48
Palpa,Western Hills,2016,1603.8700000000001
Palpa,Western Hills,2017,1631.9
Palpa,Western Hills,2018,1639.2
Palpa,Western Hills,2019,1648.7
Palpa,Western Hills,2020,1544.91
Palpa,Western Hills,2021,1556.67
Palpa,Western Hills,2022,1637.28
Palpa,Western Hills,2023,1716.57
Panchthar,Eastern Hills,2005,1553.95
Panchthar,Eastern Hills,2006,1559.91
Panchthar,Eastern Hills,2007,1479.1399999999999
Panchthar,Eastern Hills,2008,1475.8
Panchthar,Eastern Hills,2009,1489.42
Panchthar,Eastern Hills,2010,1492.79
Panchthar,Eastern Hills,2011,1473.08
Panchthar,Eastern Hills,2012,1547.16
Panchthar,Eastern Hills,2013,1483.9
Panchthar,Eastern Hills,2014,1508.22
Panchthar,Eastern Hills,2015,1479.06
Panchthar,Eastern Hills,2016,1452.47
Panchthar,Eastern Hills,2017,1498.56
Panchthar,Eastern Hills,2018,1436.69
Panchthar,Eastern Hills,2019,1471.96
Panchthar,Eastern Hills,2020,1392.01
Panchthar,Eastern Hills,2021,1458.23
Panchthar,Eastern Hills,2022,1488.2
Panchthar,Eastern Hills,2023,1545.1200000000001
Parasi,Western Terai,2005,1786.6299999999999
Parasi,Western Terai,2006,1762.14
Parasi,Western Terai,2007,1640.37
Parasi,Western Terai,2008,1689.19
Parasi,Western Terai,2009,1793.32
Parasi,Western Terai,2010,1749.76
Parasi,Western Terai,2011,1697.98
Parasi,Western Terai,2012,1819.7
Parasi,Western Terai,2013,1654.17
Parasi,Western Terai,2014,1721.82
Parasi,Western Terai,2015,1691.57
Parasi,Western Terai,2016,1663.8799999999999
Parasi,Western Terai,2017,1687.54
Parasi,Western Terai,2018,1712.13
Parasi,Western Terai,2019,1701.16
Parasi,Western Terai,2020,1599.97
Parasi,Western Terai,2021,1612.38
Parasi,Western Terai,2022,1700.69
Parasi,Western Terai,2023,1771.45
Parbat,Western Hills,2005,1594.62
Parbat,Western Hills,2006,1566.91
Parbat,Western Hills,2007,1470.5
Parbat,Western Hills,2008,1509.13
Parbat,Western Hills,2009,1607.3
Parbat,Western Hills,2010,1557.31
Parbat,Western Hills,2011,1478.19
Parbat,Western Hills,2012,1609.6599999999999
Parbat,Western Hills,2013,1465.22
Parbat,Western Hills,2014,1551.11
Parbat,Western Hills,2015,1514.2
Parbat,Western Hills,2016,1458.26
Parbat,Western Hills,2017,1503.02
Parbat,Western Hills,2018,1480.99
Parbat,Western Hills,2019,1510.77
Parbat,Western Hills,2020,1417.72
Parbat,Western Hills,2021,1400.6299999999999
Parbat,Western Hills,2022,1497.33
Parbat,Western Hills,2023,1536.94
Parsa,Madhesh Terai,2005,1833.27
Parsa,Madhesh Terai,2006,1822.6399999999999
Parsa,Madhesh Terai,2007,1717.71
Parsa,Madhesh Terai,2008,1748.99
Parsa,Madhesh Terai,2009,1840.29
Parsa,Madhesh Terai,2010,1811.43
Parsa,Madhesh Terai,2011,1752.26
Parsa,Madhesh Terai,2012,1866.58
Parsa,Madhesh Terai,2013,1746.82
Parsa,Madhesh Terai,2014,1767.27
Parsa,Madhesh Terai,2015,1773.59
Parsa,Madhesh Terai,2016,1729.09
Parsa,Madhesh Terai,2017,1749.39
Parsa,Madhesh Terai,2018,1790.33
Parsa,Madhesh Terai,2019,1763.39
Parsa,Madhesh Terai,2020,1671.94
Parsa,Madhesh Terai,2021,1683.93
Parsa,Madhesh Terai,2022,1783.64
Parsa,Madhesh Terai,2023,1824.68
Pyuthan,Mid-West Hills,2005,1738.23
Pyuthan,Mid-West Hills,2006,1712.48
Pyuthan,Mid-West Hills,2007,1619.06
Pyuthan,Mid-West Hills,2008,1641.54
Pyuthan,Mid-West Hills,2009,1751.82
Pyuthan,Mid-West Hills,2010,1704.01
Pyuthan,Mid-West Hills,2011,1644.6100000000001
Pyuthan,Mid-West Hills,2012,1759.33
Pyuthan,Mid-West Hills,2013,1593.58
Pyuthan,Mid-West Hills,2014,1688.07
Pyuthan,Mid-West Hills,2015,1652.47
Pyuthan,Mid-West Hills,2016,1612.37
Pyuthan,Mid-West Hills,2017,1640.1
Pyuthan,Mid-West Hills,2018,1655.1399999999999
Pyuthan,Mid-West Hills,2019,1649.32
Pyuthan,Mid-West Hills,2020,1564.3799999999999
Pyuthan,Mid-West Hills,2021,1549.69
Pyuthan,Mid-West Hills,2022,1654.64
Pyuthan,Mid-West Hills,2023,1693.58
Ramechhap,Eastern Hills,2005,1689.46
Ramechhap,Eastern Hills,2006,1654.71
Ramechhap,Eastern Hills,2007,1576.72
Ramechhap,Eastern Hills,2008,1606.06
Ramechhap,Eastern Hills,2009,1660.85
Ramechhap,Eastern Hills,2010,1647.45
Ramechhap,Eastern Hills,2011,1583.74
Ramechhap,Eastern Hills,2012,1722.47
Ramechhap,Eastern Hills,2013,1586.35
Ramechhap,Eastern Hills,2014,1622.84
Ramechhap,Eastern Hills,2015,1600.49
Ramechhap,Eastern Hills,2016,1565.01
Ramechhap,Eastern Hills,2017,1590.96
Ramechhap,Eastern Hills,2018,1597.24
Ramechhap,Eastern Hills,2019,1620.92
Ramechhap,Eastern Hills,2020,1515.35
Ramechhap,Eastern Hills,2021,1550.46
Ramechhap,Eastern Hills,2022,1591.97
Ramechhap,Eastern Hills,2023,1667.2
Rasuwa,Central Hills,2005,1781.05
Rasuwa,Central Hills,2006,1734.31
Rasuwa,Central Hills,2007,1667.89
Rasuwa,Central Hills,2008,1706.72
Rasuwa,Central Hills,2009,1770.68
Rasuwa,Central Hills,2010,1745.25
Rasuwa,Central Hills,2011,1693.74
Rasuwa,Central Hills,2012,1788.04
Rasuwa,Central Hills,2013,1668.23
Rasuwa,Central Hills,2014,1733.82
Rasuwa,Central Hills,2015,1719.1299999999999
Rasuwa,Central Hills,2016,1666.75
Rasuwa,Central Hills,2017,1715.9099999999999
Rasuwa,Central Hills,2018,1695.0
Rasuwa,Central Hills,2019,1690.19
Rasuwa,Central Hills,2020,1622.58
Rasuwa,Central Hills,2021,1595.71
Rasuwa,Central Hills,2022,1683.49
Rasuwa,Central Hills,2023,1726.83
Rautahat,Madhesh Terai,2005,1839.52
Rautahat,Madhesh Terai,2006,1836.8
Rautahat,Madhesh Terai,2007,1743.77
Rautahat,Madhesh Terai,2008,1769.79
Rautahat,Madhesh Terai,2009,1848.71
Rautahat,Madhesh Terai,2010,1826.76
Rautahat,Madhesh Terai,2011,1767.49
Rautahat,Madhesh Terai,2012,1876.88
Rautahat,Madhesh Terai,2013,1770.44
Rautahat,Madhesh Terai,2014,1780.18
Rautahat,Madhesh Terai,2015,1774.54
Rautahat,Madhesh Terai,2016,1743.21
Rautahat,Madhesh Terai,2017,1761.25
Rautahat,Madhesh Terai,2018,1800.8
Rautahat,Madhesh Terai,2019,1792.3600000000001
Rautahat,Madhesh Terai,2020,1686.07
Rautahat,Madhesh Terai,2021,1716.94
Rautahat,Madhesh Terai,2022,1797.85
Rautahat,Madhesh Terai,2023,1844.21
Rolpa,Mid-West Hills,2005,1662.37
Rolpa,Mid-West Hills,2006,1637.86
Rolpa,Mid-West Hills,2007,1558.1200000000001
Rolpa,Mid-West Hills,2008,1571.31
Rolpa,Mid-West Hills,2009,1677.6
Rolpa,Mid-West Hills,2010,1631.12
Rolpa,Mid-West Hills,2011,1587.53
Rolpa,Mid-West Hills,2012,1678.65
Rolpa,Mid-West Hills,2013,1530.01
Rolpa,Mid-West Hills,2014,1627.9
Rolpa,Mid-West Hills,2015,1591.03
Rolpa,Mid-West Hills,2016,1554.8899999999999
Rolpa,Mid-West Hills,2017,1579.36
Rolpa,Mid-West Hills,2018,1598.22
Rolpa,Mid-West Hills,2019,1582.39
Rolpa,Mid-West Hills,2020,1509.98
Rolpa,Mid-West Hills,2021,1495.93
Rolpa,Mid-West Hills,2022,1591.43
Rolpa,Mid-West Hills,2023,1620.28
Rukum_East,Mid-West Hills,2005,1687.6100000000001
Rukum_East,Mid-West Hills,2006,1659.1499999999999
Rukum_East,Mid-West Hills,2007,1589.15
Rukum_East,Mid-West Hills,2008,1606.99
Rukum_East,Mid-West Hills,2009,1722.62
Rukum_East,Mid-West Hills,2010,1662.4
Rukum_East,Mid-West Hills,2011,1595.96
Rukum_East,Mid-West Hills,2012,1710.85
Rukum_East,Mid-West Hills,2013,1558.19
Rukum_East,Mid-West Hills,2014,1682.23
Rukum_East,Mid-West Hills,2015,1621.4
Rukum_East,Mid-West Hills,2016,1588.47
Rukum_East,Mid-West Hills,2017,1611.71
Rukum_East,Mid-West Hills,2018,1611.68
Rukum_East,Mid-West Hills,2019,1610.67
Rukum_East,Mid-West Hills,2020,1554.81
Rukum_East,Mid-West Hills,2021,1520.1399999999999
Rukum_East,Mid-West Hills,2022,1622.19
Rukum_East,Mid-West Hills,2023,1611.69
Rukum_West,Mid-West Hills,2005,1685.23
Rukum_West,Mid-West Hills,2006,1677.82
Rukum_West,Mid-West Hills,2007,1624.9
Rukum_West,Mid-West Hills,2008,1619.0
Rukum_West,Mid-West Hills,2009,1736.33
Rukum_West,Mid-West Hills,2010,1672.63
Rukum_West,Mid-West Hills,2011,1622.55
Rukum_West,Mid-West Hills,2012,1707.55
Rukum_West,Mid-West Hills,2013,1584.9099999999999
Rukum_West,Mid-West Hills,2014,1709.87
Rukum_West,Mid-West Hills,2015,1663.32
Rukum_West,Mid-West Hills,2016,1624.79
Rukum_West,Mid-West Hills,2017,1631.85
Rukum_West,Mid-West Hills,2018,1637.91
Rukum_West,Mid-West Hills,2019,1626.32
Rukum_West,Mid-West Hills,2020,1602.84
Rukum_West,Mid-West Hills,2021,1546.64
Rukum_West,Mid-West Hills,2022,1635.26
Rukum_West,Mid-West Hills,2023,1628.42
Rupandehi,Western Terai,2005,1813.71
Rupandehi,Western Terai,2006,1790.2
Rupandehi,Western Terai,2007,1677.92
Rupandehi,Western Terai,2008,1711.89
Rupandehi,Western Terai,2009,1821.32
Rupandehi,Western Terai,2010,1775.63
Rupandehi,Western Terai,2011,1731.03
Rupandehi,Western Terai,2012,1842.3
Rupandehi,Western Terai,2013,1674.75
Rupandehi,Western Terai,2014,1744.38
Rupandehi,Western Terai,2015,1726.23
Rupandehi,Western Terai,2016,1688.93
Rupandehi,Western Terai,2017,1713.47
Rupandehi,Western Terai,2018,1742.94
Rupandehi,Western Terai,2019,1725.57
Rupandehi,Western Terai,2020,1630.61
Rupandehi,Western Terai,2021,1635.62
Rupandehi,Western Terai,2022,1729.2
Rupandehi,Western Terai,2023,1799.71
Salyan,Mid-West Hills,2005,1690.1100000000001
Salyan,Mid-West Hills,2006,1668.53
Salyan,Mid-West Hills,2007,1593.4
Salyan,Mid-West Hills,2008,1603.59
Salyan,Mid-West Hills,2009,1724.71
Salyan,Mid-West Hills,2010,1670.07
Salyan,Mid-West Hills,2011,1624.27
Salyan,Mid-West Hills,2012,1717.96
Salyan,Mid-West Hills,2013,1556.18
Salyan,Mid-West Hills,2014,1686.71
Salyan,Mid-West Hills,2015,1630.06
Salyan,Mid-West Hills,2016,1595.39
Salyan,Mid-West Hills,2017,1621.8500000000001
Salyan,Mid-West Hills,2018,1637.67
Salyan,Mid-West Hills,2019,1612.9
Salyan,Mid-West Hills,2020,1559.45
Salyan,Mid-West Hills,2021,1533.46
Salyan,Mid-West Hills,2022,1632.29
Salyan,Mid-West Hills,2023,1642.27
Sankhuwasabha,Eastern Mountain,2005,1685.42
Sankhuwasabha,Eastern Mountain,2006,1655.1100000000001
Sankhuwasabha,Eastern Mountain,2007,1586.44
Sankhuwasabha,Eastern Mountain,2008,1608.21
Sankhuwasabha,Eastern Mountain,2009,1633.05
Sankhuwasabha,Eastern Mountain,2010,1620.91
Sankhuwasabha,Eastern Mountain,2011,1592.37
Sankhuwasabha,Eastern Mountain,2012,1683.6299999999999
Sankhuwasabha,Eastern Mountain,2013,1595.06
Sankhuwasabha,Eastern Mountain,2014,1628.21
Sankhuwasabha,Eastern Mountain,2015,1605.3500000000001
Sankhuwasabha,Eastern Mountain,2016,1577.26
Sankhuwasabha,Eastern Mountain,2017,1606.46
Sankhuwasabha,Eastern Mountain,2018,1561.2
Sankhuwasabha,Eastern Mountain,2019,1592.3899999999999
Sankhuwasabha,Eastern Mountain,2020,1492.72
Sankhuwasabha,Eastern Mountain,2021,1554.28
Sankhuwasabha,Eastern Mountain,2022,1583.8400000000001
Sankhuwasabha,Eastern Mountain,2023,1652.26
Saptari,Madhesh Terai,2005,1713.15
Saptari,Madhesh Terai,2006,1739.2
Saptari,Madhesh Terai,2007,1645.5
Saptari,Madhesh Terai,2008,1658.94
Saptari,Madhesh Terai,2009,1713.8899999999999
Saptari,Madhesh Terai,2010,1696.1399999999999
Saptari,Madhesh Terai,2011,1661.26
Saptari,Madhesh Terai,2012,1763.6100000000001
Saptari,Madhesh Terai,2013,1665.58
Saptari,Madhesh Terai,2014,1670.69
Saptari,Madhesh Terai,2015,1622.05
Saptari,Madhesh Terai,2016,1631.07
Saptari,Madhesh Terai,2017,1647.43
Saptari,Madhesh Terai,2018,1664.28
Saptari,Madhesh Terai,2019,1671.12
Saptari,Madhesh Terai,2020,1564.69
Saptari,Madhesh Terai,2021,1649.68
Saptari,Madhesh Terai,2022,1673.51
Saptari,Madhesh Terai,2023,1739.74
Sarlahi,Madhesh Terai,2005,1794.25
Sarlahi,Madhesh Terai,2006,1782.38
Sarlahi,Madhesh Terai,2007,1692.27
Sarlahi,Madhesh Terai,2008,1720.64
Sarlahi,Madhesh Terai,2009,1791.59
Sarlahi,Madhesh Terai,2010,1770.59
Sarlahi,Madhesh Terai,2011,1707.06
Sarlahi,Madhesh Terai,2012,1831.3
Sarlahi,Madhesh Terai,2013,1710.3
Sarlahi,Madhesh Terai,2014,1728.47
Sarlahi,Madhesh Terai,2015,1715.48
Sarlahi,Madhesh Terai,2016,1688.48
Sarlahi,Madhesh Terai,2017,1708.7
Sarlahi,Madhesh Terai,2018,1735.7
Sarlahi,Madhesh Terai,2019,1741.51
Sarlahi,Madhesh Terai,2020,1635.69
Sarlahi,Madhesh Terai,2021,1670.88
Sarlahi,Madhesh Terai,2022,1733.51
Sarlahi,Madhesh Terai,2023,1796.9
Sindhuli,Central Hills,2005,1702.29
Sindhuli,Central Hills,2006,1688.58
Sindhuli,Central Hills,2007,1605.9
Sindhuli,Central Hills,2008,1631.03
Sindhuli,Central Hills,2009,1690.31
Sindhuli,Central Hills,2010,1673.05
Sindhuli,Central Hills,2011,1618.42
Sindhuli,Central Hills,2012,1738.73
Sindhuli,Central Hills,2013,1615.81
Sindhuli,Central Hills,2014,1640.01
Sindhuli,Central Hills,2015,1620.55
Sindhuli,Central Hills,2016,1601.36
Sindhuli,Central Hills,2017,1616.49
Sindhuli,Central Hills,2018,1641.28
Sindhuli,Central Hills,2019,1655.15
Sindhuli,Central Hills,2020,1545.89
Sindhuli,Central Hills,2021,1589.76
Sindhuli,Central Hills,2022,1640.42
Sindhuli,Central Hills,2023,1705.66
Sindhupalchok,Central Hills,2005,1595.8600000000001
Sindhupalchok,Central Hills,2006,1542.06
Sindhupalchok,Central Hills,2007,1477.98
Sindhupalchok,Central Hills,2008,1511.98
Sindhupalchok,Central Hills,2009,1582.31
Sindhupalchok,Central Hills,2010,1564.02
Sindhupalchok,Central Hills,2011,1497.68
Sindhupalchok,Central Hills,2012,1616.45
Sindhupalchok,Central Hills,2013,1487.3
Sindhupalchok,Central Hills,2014,1548.37
Sindhupalchok,Central Hills,2015,1522.83
Sindhupalchok,Central Hills,2016,1470.8400000000001
Sindhupalchok,Central Hills,2017,1514.84
Sindhupalchok,Central Hills,2018,1516.21
Sindhupalchok,Central Hills,2019,1510.76
Sindhupalchok,Central Hills,2020,1437.41
Sindhupalchok,Central Hills,2021,1424.9
Sindhupalchok,Central Hills,2022,1496.1
Sindhupalchok,Central Hills,2023,1541.21
Siraha,Eastern Terai,2005,1785.19
Siraha,Eastern Terai,2006,1798.37
Siraha,Eastern Terai,2007,1706.26
Siraha,Eastern Terai,2008,1718.6399999999999
Siraha,Eastern Terai,2009,1789.78
Siraha,Eastern Terai,2010,1773.26
Siraha,Eastern Terai,2011,1729.36
Siraha,Eastern Terai,2012,1835.31
Siraha,Eastern Terai,2013,1724.7
Siraha,Eastern Terai,2014,1731.98
Siraha,Eastern Terai,2015,1695.99
Siraha,Eastern Terai,2016,1689.61
Siraha,Eastern Terai,2017,1714.58
Siraha,Eastern Terai,2018,1747.44
Siraha,Eastern Terai,2019,1749.87
Siraha,Eastern Terai,2020,1631.57
Siraha,Eastern Terai,2021,1698.14
Siraha,Eastern Terai,2022,1747.46
Siraha,Eastern Terai,2023,1799.6100000000001
Solukhumbu,Central Hills,2005,1727.25
Solukhumbu,Central Hills,2006,1675.13
Solukhumbu,Central Hills,2007,1601.93
Solukhumbu,Central Hills,2008,1640.68
Solukhumbu,Central Hills,2009,1669.87
Solukhumbu,Central Hills,2010,1651.28
Solukhumbu,Central Hills,2011,1614.41
Solukhumbu,Central Hills,2012,1739.73
Solukhumbu,Central Hills,2013,1621.32
Solukhumbu,Central Hills,2014,1661.16
Solukhumbu,Central Hills,2015,1668.55
Solukhumbu,Central Hills,2016,1589.6299999999999
Solukhumbu,Central Hills,2017,1619.77
Solukhumbu,Central Hills,2018,1617.75
Solukhumbu,Central Hills,2019,1666.41
Solukhumbu,Central Hills,2020,1532.7
Solukhumbu,Central Hills,2021,1548.31
Solukhumbu,Central Hills,2022,1598.0
Solukhumbu,Central Hills,2023,1657.68
Sunsari,Eastern Terai,2005,1638.98
Sunsari,Eastern Terai,2006,1644.8
Sunsari,Eastern Terai,2007,1554.54
Sunsari,Eastern Terai,2008,1573.87
Sunsari,Eastern Terai,2009,1604.27
Sunsari,Eastern Terai,2010,1594.8799999999999
Sunsari,Eastern Terai,2011,1566.24
Sunsari,Eastern Terai,2012,1661.78
Sunsari,Eastern Terai,2013,1578.25
Sunsari,Eastern Terai,2014,1594.04
Sunsari,Eastern Terai,2015,1543.11
Sunsari,Eastern Terai,2016,1542.39
Sunsari,Eastern Terai,2017,1558.29
Sunsari,Eastern Terai,2018,1541.1100000000001
Sunsari,Eastern Terai,2019,1564.64
Sunsari,Eastern Terai,2020,1476.45
Sunsari,Eastern Terai,2021,1562.64
Sunsari,Eastern Terai,2022,1573.22
Sunsari,Eastern Terai,2023,1649.1
Surkhet,Mid-West Hills,2005,1805.46
Surkhet,Mid-West Hills,2006,1790.48
Surkhet,Mid-West Hills,2007,1716.8600000000001
Surkhet,Mid-West Hills,2008,1710.97
Surkhet,Mid-West Hills,2009,1846.35
Surkhet,Mid-West Hills,2010,1796.88
Surkhet,Mid-West Hills,2011,1739.0
Surkhet,Mid-West Hills,2012,1830.26
Surkhet,Mid-West Hills,2013,1672.64
Surkhet,Mid-West Hills,2014,1804.62
Surkhet,Mid-West Hills,2015,1749.38
Surkhet,Mid-West Hills,2016,1713.65
Surkhet,Mid-West Hills,2017,1747.21
Surkhet,Mid-West Hills,2018,1757.3600000000001
Surkhet,Mid-West Hills,2019,1720.09
Surkhet,Mid-West Hills,2020,1689.71
Surkhet,Mid-West Hills,2021,1643.45
Surkhet,Mid-West Hills,2022,1740.1200000000001
Surkhet,Mid-West Hills,2023,1761.98
Syangja,Western Hills,2005,1687.07
Syangja,Western Hills,2006,1654.06
Syangja,Western Hills,2007,1530.1
Syangja,Western Hills,2008,1598.94
Syangja,Western Hills,2009,1689.38
Syangja,Western Hills,2010,1650.86
Syangja,Western Hills,2011,1582.11
Syangja,Western Hills,2012,1718.19
Syangja,Western Hills,2013,1554.28
Syangja,Western Hills,2014,1631.8899999999999
Syangja,Western Hills,2015,1581.67
Syangja,Western Hills,2016,1558.84
Syangja,Western Hills,2017,1585.75
Syangja,Western Hills,2018,1587.42
Syangja,Western Hills,2019,1602.9
Syangja,Western Hills,2020,1496.13
Syangja,Western Hills,2021,1510.73
Syangja,Western Hills,2022,1586.75
Syangja,Western Hills,2023,1663.2
Tanahun,Western Hills,2005,1696.49
Tanahun,Western Hills,2006,1657.74
Tanahun,Western Hills,2007,1547.11
Tanahun,Western Hills,2008,1614.3
Tanahun,Western Hills,2009,1691.45
Tanahun,Western Hills,2010,1657.71
Tanahun,Western Hills,2011,1588.17
Tanahun,Western Hills,2012,1725.04
Tanahun,Western Hills,2013,1563.25
Tanahun,Western Hills,2014,1633.71
Tanahun,Western Hills,2015,1608.49
Tanahun,Western Hills,2016,1570.59
Tanahun,Western Hills,2017,1599.6100000000001
Tanahun,Western Hills,2018,1592.34
Tanahun,Western Hills,2019,1619.7
Tanahun,Western Hills,2020,1513.71
Tanahun,Western Hills,2021,1509.79
Tanahun,Western Hills,2022,1594.09
Tanahun,Western Hills,2023,1673.67
Taplejung,Eastern Hills,2005,1594.19
Taplejung,Eastern Hills,2006,1578.07
Taplejung,Eastern Hills,2007,1526.84
Taplejung,Eastern Hills,2008,1520.7
Taplejung,Eastern Hills,2009,1547.34
Taplejung,Eastern Hills,2010,1528.61
Taplejung,Eastern Hills,2011,1511.92
Taplejung,Eastern Hills,2012,1587.08
Taplejung,Eastern Hills,2013,1515.94
Taplejung,Eastern Hills,2014,1539.51
Taplejung,Eastern Hills,2015,1525.82
Taplejung,Eastern Hills,2016,1502.26
Taplejung,Eastern Hills,2017,1532.28
Taplejung,Eastern Hills,2018,1467.92
Taplejung,Eastern Hills,2019,1505.91
Taplejung,Eastern Hills,2020,1422.72
Taplejung,Eastern Hills,2021,1475.16
Taplejung,Eastern Hills,2022,1521.55
Taplejung,Eastern Hills,2023,1568.61
Terhathum,Eastern Hills,2005,1614.57
Terhathum,Eastern Hills,2006,1608.1299999999999
Terhathum,Eastern Hills,2007,1530.69
Terhathum,Eastern Hills,2008,1535.44
Terhathum,Eastern Hills,2009,1558.15
Terhathum,Eastern Hills,2010,1558.68
Terhathum,Eastern Hills,2011,1530.12
Terhathum,Eastern Hills,2012,1615.96
Terhathum,Eastern Hills,2013,1538.79
Terhathum,Eastern Hills,2014,1572.15
Terhathum,Eastern Hills,2015,1535.38
Terhathum,Eastern Hills,2016,1512.71
Terhathum,Eastern Hills,2017,1548.1399999999999
Terhathum,Eastern Hills,2018,1499.29
Terhathum,Eastern Hills,2019,1532.51
Terhathum,Eastern Hills,2020,1445.53
Terhathum,Eastern Hills,2021,1516.51
Terhathum,Eastern Hills,2022,1541.0
Terhathum,Eastern Hills,2023,1606.21
Udayapur,Eastern Hills,2005,1658.1
Udayapur,Eastern Hills,2006,1660.15
Udayapur,Eastern Hills,2007,1569.68
Udayapur,Eastern Hills,2008,1595.32
Udayapur,Eastern Hills,2009,1634.95
Udayapur,Eastern Hills,2010,1620.27
Udayapur,Eastern Hills,2011,1586.8
Udayapur,Eastern Hills,2012,1691.23
Udayapur,Eastern Hills,2013,1592.25
Udayapur,Eastern Hills,2014,1598.97
Udayapur,Eastern Hills,2015,1555.8400000000001
Udayapur,Eastern Hills,2016,1556.81
Udayapur,Eastern Hills,2017,1571.66
Udayapur,Eastern Hills,2018,1574.01
Udayapur,Eastern Hills,2019,1593.19
Udayapur,Eastern Hills,2020,1493.35
Udayapur,Eastern Hills,2021,1575.07
Udayapur,Eastern Hills,2022,1594.47
Udayapur,Eastern Hills,2023,1667.73
